Protocollo;Gruppo;DataOraIncidente;Localizzazione1;STRADA1;Localizzazione2;STRADA2;Strada02;Chilometrica;DaSpecificare;NaturaIncidente;particolaritastrade;TipoStrada;FondoStradale;Pavimentazione;Segnaletica;CondizioneAtmosferica;Traffico;Visibilita;Illuminazione;NUM_FERITI;NUM_RISERVATA;NUM_MORTI;NUM_ILLESI;Longitudine;Latitudine;Confermato;Progressivo;TipoVeicolo;StatoVeicolo;TipoPersona;Sesso;Tipolesione;Deceduto;DecedutoDopo;CinturaCascoUtilizzato;Airbag
2158506;8;01/10/2014 10:15;Strada Urbana;VIA GIARRE;all'intersezione con;VIA LENTINI;VIA LENTINI;;;Scontro frontale/laterale SX fra veicoli in marcia;Intersezione stradale segnalata;Una carreggiata a senso unico di marcia;Asciutto;Asfaltata;Verticale;Sereno;Scarso;Buona;Ore Diurne;1;0;0;1;12.67114;41.85701;-1;2;Autovettura privata;In marcia / fermata / arresto;Conducente;F;Rifiuta cure immediate;0;NON DECEDUTO;Non accertato;Inesploso
2158509;8;01/10/2014 11:30;Strada Urbana;VIA AMICO ASPERTINI;in prossimità;;del civico n.;408;;Veicolo in marcia contro veicolo arresto;Rettilineo;Una carreggiata a doppio senso;Asciutto;Asfaltata;Assente;Sereno;Normale;Buona;Ore Diurne;0;0;0;2;12.62964;41.87203;-1;1;Autovettura privata;In marcia / fermata / arresto;Conducente;F;Illeso;0;;Non accertato;Inesploso
2158509;8;01/10/2014 11:30;Strada Urbana;VIA AMICO ASPERTINI;in prossimità;;del civico n.;408;;Veicolo in marcia contro veicolo arresto;Rettilineo;Una carreggiata a doppio senso;Asciutto;Asfaltata;Assente;Sereno;Normale;Buona;Ore Diurne;0;0;0;2;12.62964;41.87203;-1;2;Autovettura privata;In marcia / fermata / arresto;Conducente;M;Illeso;0;;Non accertato;Inesploso
2158513;11;01/10/2014 07:30;Strada Urbana;VIA GIOVANNI GENOCCHI;da specificare;;;;prossimità civ.10 area parcheggio;Veicolo in marcia contro ostacolo accidentale;Rettilineo;Una carreggiata a senso unico di marcia;Asciutto;Asfaltata;Verticale ed orizzontale;Sereno;Scarso;Buona;Ore Diurne;0;0;0;1;12.49573;41.85936;-1;1;Autovettura privata;In marcia / fermata / arresto;Conducente;M;Illeso;0;;;
2158514;18;01/10/2014 16:05;Strada Urbana;VIA DI BOCCEA;all'intersezione con;VIA DI PANTAN MONASTERO;VIA DI PANTAN MONASTERO;;;Scontro frontale/laterale DX fra veicoli in marcia;Incrocio;Una carreggiata a doppio senso;Asciutto;Asfaltata;Verticale ed orizzontale;Nuvoloso;Normale;Sufficiente;Ore Diurne;0;0;0;3;12.36284;41.9254;-1;1;Autovettura privata;In marcia / fermata / arresto;Conducente;M;Illeso;0;;Non accertato;Inesploso
2158514;18;01/10/2014 16:05;Strada Urbana;VIA DI BOCCEA;all'intersezione con;VIA DI PANTAN MONASTERO;VIA DI PANTAN MONASTERO;;;Scontro frontale/laterale DX fra veicoli in marcia;Incrocio;Una carreggiata a doppio senso;Asciutto;Asfaltata;Verticale ed orizzontale;Nuvoloso;Normale;Sufficiente;Ore Diurne;0;0;0;3;12.36284;41.9254;-1;1;Autovettura privata;In marcia / fermata / arresto;Passeggero;M;Illeso;0;;Non accertato;Inesistente
2158514;18;01/10/2014 16:05;Strada Urbana;VIA DI BOCCEA;all'intersezione con;VIA DI PANTAN MONASTERO;VIA DI PANTAN MONASTERO;;;Scontro frontale/laterale DX fra veicoli in marcia;Incrocio;Una carreggiata a doppio senso;Asciutto;Asfaltata;Verticale ed orizzontale;Nuvoloso;Normale;Sufficiente;Ore Diurne;0;0;0;3;12.36284;41.9254;-1;2;Autovettura privata;In marcia / fermata / arresto;Conducente;F;Illeso;0;;Non accertato;Inesploso
2158520;8;01/10/2014 07:50;Strada Urbana;VIALE OXFORD;all'intersezione con;VIALE OXFORD;VIALE OXFORD;;;Scontro laterale fra veicoli in marcia;Rotatoria;Una carreggiata a senso unico di marcia;Asciutto;Asfaltata;Verticale ed orizzontale;Sereno;Intenso;Buona;Ore Diurne;0;0;0;3;12.62528;41.85731;-1;1;Autovettura privata;In marcia / fermata / arresto;Conducente;F;Illeso;0;;Non accertato;Inesploso
2158520;8;01/10/2014 07:50;Strada Urbana;VIALE OXFORD;all'intersezione con;VIALE OXFORD;VIALE OXFORD;;;Scontro laterale fra veicoli in marcia;Rotatoria;Una carreggiata a senso unico di marcia;Asciutto;Asfaltata;Verticale ed orizzontale;Sereno;Intenso;Buona;Ore Diurne;0;0;0;3;12.62528;41.85731;-1;2;Autovettura privata;In marcia / fermata / arresto;Conducente;F;Illeso;0;;Non accertato;Inesploso
2158520;8;01/10/2014 07:50;Strada Urbana;VIALE OXFORD;all'intersezione con;VIALE OXFORD;VIALE OXFORD;;;Scontro laterale fra veicoli in marcia;Rotatoria;Una carreggiata a senso unico di marcia;Asciutto;Asfaltata;Verticale ed orizzontale;Sereno;Intenso;Buona;Ore Diurne;0;0;0;3;12.62528;41.85731;-1;2;Autovettura privata;In marcia / fermata / arresto;Passeggero;M;Illeso;0;;Non accertato;Inesploso
2158522;19;02/10/2014 06:45;Strada Urbana;VIA GIOVANNI BATTISTA PARAVIA;da specificare;;;;prossimità via romolo lozzi;Scontro frontale fra veicoli in marcia;Rettilineo;Una carreggiata a doppio senso;Sdrucciolevole (fango);Asfaltata;Orizzontale;Nuvoloso;Scarso;Insufficiente;Inesistente;2;0;0;0;12.33486;42.0065;-1;1;Autovettura privata;In marcia / fermata / arresto;Conducente;F;Rifiuta cure immediate;0;NON DECEDUTO;Non accertato;Inesploso
2158522;19;02/10/2014 06:45;Strada Urbana;VIA GIOVANNI BATTISTA PARAVIA;da specificare;;;;prossimità via romolo lozzi;Scontro frontale fra veicoli in marcia;Rettilineo;Una carreggiata a doppio senso;Sdrucciolevole (fango);Asfaltata;Orizzontale;Nuvoloso;Scarso;Insufficiente;Inesistente;2;0;0;0;12.33486;42.0065;-1;2;Autovettura privata;In marcia / fermata / arresto;Conducente;M;Rifiuta cure immediate;0;NON DECEDUTO;Non accertato;Esploso
2158526;11;01/10/2014 22:30;Strada Urbana;VIALE SALVATORE REBECCHINI;da specificare;;;;25 metri prima del palo luce 4;Fuoriuscita dalla sede stradale;Rettilineo;Una carreggiata a doppio senso;Bagnato (umidità in atto);Asfaltata;Orizzontale;Pioggia in atto;Scarso;Buona;Sufficiente;0;0;0;3;12.40612;41.8171;-1;1;Autovettura privata;In marcia / fermata / arresto;Conducente;M;Illeso;0;;Non accertato;Inesploso
2158526;11;01/10/2014 22:30;Strada Urbana;VIALE SALVATORE REBECCHINI;da specificare;;;;25 metri prima del palo luce 4;Fuoriuscita dalla sede stradale;Rettilineo;Una carreggiata a doppio senso;Bagnato (umidità in atto);Asfaltata;Orizzontale;Pioggia in atto;Scarso;Buona;Sufficiente;0;0;0;3;12.40612;41.8171;-1;1;Autovettura privata;In marcia / fermata / arresto;Passeggero;F;Illeso;0;;Non accertato;Inesploso
2158527;8;01/10/2014 20:20;Strada Urbana;VIA SILICELLA;in corrispondenza;;del civico n.;109;;Veicolo in marcia contro ostacolo accidentale;Rettilineo;Una carreggiata a doppio senso;Bagnato (pioggia);Con buche;Orizzontale;Pioggia in atto;Scarso;Sufficiente;Sufficiente;0;0;0;1;12.59847;41.8604;-1;1;Autovettura privata;In marcia / fermata / arresto;Conducente;M;Illeso;0;;Non accertato;Inesploso
2158531;6;02/10/2014 02:40;Strada Urbana;Tangenziale Est;da specificare;;;;direzione Tiburtina;Veicolo in marcia contro ostacolo fisso;Curva a visuale libera;Una carreggiata a senso unico di marcia;Bagnato (pioggia);Asfaltata;Verticale ed orizzontale;Nuvoloso;Scarso;Buona;Sufficiente;0;0;0;1;12.53411;41.90617;-1;1;Autovettura privata;In marcia / fermata / arresto;Conducente;M;Illeso;0;;Non accertato;
2158535;11;01/10/2014 14:30;Strada Urbana;VIALE DEL TINTORETTO;da specificare;;;;in prossimità del civ.418;Scontro laterale fra veicoli in marcia;Rettilineo;Due carreggiate;Asciutto;Asfaltata;Verticale ed orizzontale;Nuvoloso;Normale;Buona;Ore Diurne;0;0;0;4;12.49662;41.8338;-1;1;Autotreno;In marcia / fermata / arresto;Conducente;M;Illeso;0;;Non accertato;Inesistente
2158535;11;01/10/2014 14:30;Strada Urbana;VIALE DEL TINTORETTO;da specificare;;;;in prossimità del civ.418;Scontro laterale fra veicoli in marcia;Rettilineo;Due carreggiate;Asciutto;Asfaltata;Verticale ed orizzontale;Nuvoloso;Normale;Buona;Ore Diurne;0;0;0;4;12.49662;41.8338;-1;2;Autovettura privata;In marcia / fermata / arresto;Conducente;M;Illeso;0;;Non accertato;Inesploso
2158535;11;01/10/2014 14:30;Strada Urbana;VIALE DEL TINTORETTO;da specificare;;;;in prossimità del civ.418;Scontro laterale fra veicoli in marcia;Rettilineo;Due carreggiate;Asciutto;Asfaltata;Verticale ed orizzontale;Nuvoloso;Normale;Buona;Ore Diurne;0;0;0;4;12.49662;41.8338;-1;2;Autovettura privata;In marcia / fermata / arresto;Passeggero;M;Illeso;0;;Non accertato;
2158535;11;01/10/2014 14:30;Strada Urbana;VIALE DEL TINTORETTO;da specificare;;;;in prossimità del civ.418;Scontro laterale fra veicoli in marcia;Rettilineo;Due carreggiate;Asciutto;Asfaltata;Verticale ed orizzontale;Nuvoloso;Normale;Buona;Ore Diurne;0;0;0;4;12.49662;41.8338;-1;2;Autovettura privata;In marcia / fermata / arresto;Passeggero;F;Illeso;0;;Non accertato;
2158544;11;01/10/2014 11:40;Strada Urbana;VIALE CARLO TOMMASO ODESCALCHI;all'intersezione con;VIA ANDREA MANTEGNA;VIA ANDREA MANTEGNA;;;Scontro laterale fra veicoli in marcia;Intersezione semaforizzata;Due carreggiate;Asciutto;Asfaltata;Verticale ed orizzontale;Sereno;Normale;Buona;Ore Diurne;0;0;0;2;12.49789;41.85357;-1;1;Autovettura privata;In marcia / fermata / arresto;Conducente;M;Illeso;0;;;
2158544;11;01/10/2014 11:40;Strada Urbana;VIALE CARLO TOMMASO ODESCALCHI;all'intersezione con;VIA ANDREA MANTEGNA;VIA ANDREA MANTEGNA;;;Scontro laterale fra veicoli in marcia;Intersezione semaforizzata;Due carreggiate;Asciutto;Asfaltata;Verticale ed orizzontale;Sereno;Normale;Buona;Ore Diurne;0;0;0;2;12.49789;41.85357;-1;2;Autovettura privata;In marcia / fermata / arresto;Conducente;F;Illeso;0;;;
2158550;10;01/10/2014 07:45;Strada Urbana;VIA TUSCOLANA;all'intersezione semaforizzata con;VIA VALERIO PUBLICOLA;VIA VALERIO PUBLICOLA;;;Scontro laterale fra veicoli in marcia;Intersezione stradale segnalata;Una carreggiata a senso unico di marcia;Asciutto;Asfaltata;Verticale ed orizzontale;Sereno;Normale;Buona;Ore Diurne;0;0;0;3;12.55896;41.85865;-1;1;Autovettura privata;In marcia / fermata / arresto;Conducente;M;Illeso;0;;Non accertato;Inesploso
2158550;10;01/10/2014 07:45;Strada Urbana;VIA TUSCOLANA;all'intersezione semaforizzata con;VIA VALERIO PUBLICOLA;VIA VALERIO PUBLICOLA;;;Scontro laterale fra veicoli in marcia;Intersezione stradale segnalata;Una carreggiata a senso unico di marcia;Asciutto;Asfaltata;Verticale ed orizzontale;Sereno;Normale;Buona;Ore Diurne;0;0;0;3;12.55896;41.85865;-1;1;Autovettura privata;In marcia / fermata / arresto;Passeggero;M;Illeso;0;;Non accertato;Inesploso
2158550;10;01/10/2014 07:45;Strada Urbana;VIA TUSCOLANA;all'intersezione semaforizzata con;VIA VALERIO PUBLICOLA;VIA VALERIO PUBLICOLA;;;Scontro laterale fra veicoli in marcia;Intersezione stradale segnalata;Una carreggiata a senso unico di marcia;Asciutto;Asfaltata;Verticale ed orizzontale;Sereno;Normale;Buona;Ore Diurne;0;0;0;3;12.55896;41.85865;-1;2;Motociclo a solo;In marcia / fermata / arresto;Conducente;M;Illeso;0;;Non accertato;
2158558;10;02/10/2014 07:35;Strada Urbana;VIA DELLE CAPANNELLE;in prossimità;;del palo luce n.;91;;Tamponamento;Rettilineo;Una carreggiata a doppio senso;Asciutto;Asfaltata;Verticale ed orizzontale;Sereno;Intenso;Buona;Ore Diurne;2;0;0;1;12.56515;41.82808;-1;1;Autovettura privata;In marcia / fermata / arresto;Conducente;F;Rimandato;0;NON DECEDUTO;Non accertato;Inesploso
2158558;10;02/10/2014 07:35;Strada Urbana;VIA DELLE CAPANNELLE;in prossimità;;del palo luce n.;91;;Tamponamento;Rettilineo;Una carreggiata a doppio senso;Asciutto;Asfaltata;Verticale ed orizzontale;Sereno;Intenso;Buona;Ore Diurne;2;0;0;1;12.56515;41.82808;-1;1;Autovettura privata;In marcia / fermata / arresto;Passeggero;M;Rimandato;0;NON DECEDUTO;Non accertato;Inesploso
2158558;10;02/10/2014 07:35;Strada Urbana;VIA DELLE CAPANNELLE;in prossimità;;del palo luce n.;91;;Tamponamento;Rettilineo;Una carreggiata a doppio senso;Asciutto;Asfaltata;Verticale ed orizzontale;Sereno;Intenso;Buona;Ore Diurne;2;0;0;1;12.56515;41.82808;-1;2;Autovettura privata;In marcia / fermata / arresto;Conducente;M;Illeso;0;;Non accertato;Inesploso
2158559;7;01/10/2014 11:00;Strada Urbana;VIALE PALMIRO TOGLIATTI;da specificare;;;;fronte civico 953;Scontro frontale/laterale DX fra veicoli in marcia;Rettilineo;Due carreggiate;Asciutto;Asfaltata;Verticale ed orizzontale;Sereno;Normale;Buona;Ore Diurne;1;0;0;1;12.57339;41.88769;-1;1;Autovettura privata;In marcia / fermata / arresto;Conducente;M;Illeso;0;;Non accertato;
2158559;7;01/10/2014 11:00;Strada Urbana;VIALE PALMIRO TOGLIATTI;da specificare;;;;fronte civico 953;Scontro frontale/laterale DX fra veicoli in marcia;Rettilineo;Due carreggiate;Asciutto;Asfaltata;Verticale ed orizzontale;Sereno;Normale;Buona;Ore Diurne;1;0;0;1;12.57339;41.88769;-1;2;Vettura tranviaria;In marcia / fermata / arresto;Conducente;M;Rimandato;0;NON DECEDUTO;Esente;
2158563;7;01/10/2014 12:15;Strada Urbana;VIA DEL CAMPO;in prossimità;;del civico n.;48;;Scontro frontale/laterale SX fra veicoli in marcia;Rettilineo;Una carreggiata a doppio senso;Asciutto;Asfaltata;Assente;Sereno;Normale;Buona;Ore Diurne;1;0;0;1;12.57842;41.87693;-1;1;Autovettura privata;In marcia / fermata / arresto;Conducente;M;Illeso;0;;Non accertato;Inesploso
2158563;7;01/10/2014 12:15;Strada Urbana;VIA DEL CAMPO;in prossimità;;del civico n.;48;;Scontro frontale/laterale SX fra veicoli in marcia;Rettilineo;Una carreggiata a doppio senso;Asciutto;Asfaltata;Assente;Sereno;Normale;Buona;Ore Diurne;1;0;0;1;12.57842;41.87693;-1;2;Motociclo a solo;In marcia / fermata / arresto;Conducente;M;Rimandato;0;NON DECEDUTO;Non accertato;
2158569;13;01/10/2014 21:00;Strada Urbana;VIA BEDONIA;in prossimità;;del civico n.;24;;Veicolo in marcia contro ostacolo accidentale;Pendenza;Una carreggiata a doppio senso;Bagnato (pioggia);Asfaltata;Assente;Pioggia in atto;Scarso;Sufficiente;Sufficiente;2;0;0;0;12.37843;41.78164;-1;1;Autovettura privata;In marcia / fermata / arresto;Conducente;M;Rimandato;0;NON DECEDUTO;Non accertato;Inesploso
2158569;13;01/10/2014 21:00;Strada Urbana;VIA BEDONIA;in prossimità;;del civico n.;24;;Veicolo in marcia contro ostacolo accidentale;Pendenza;Una carreggiata a doppio senso;Bagnato (pioggia);Asfaltata;Assente;Pioggia in atto;Scarso;Sufficiente;Sufficiente;2;0;0;0;12.37843;41.78164;-1;1;Autovettura privata;In marcia / fermata / arresto;Passeggero;M;Rimandato;0;NON DECEDUTO;Non accertato;Inesploso
2158572;19;01/10/2014 20:41;Strada Urbana;VIA PIETRO BEMBO;all'intersezione con;VIA GIOVANNI D'ANDREA;VIA GIOVANNI D'ANDREA;;;Veicolo in marcia contro ostacolo fisso;Intersezione non regolata/non segnalata;Una carreggiata a doppio senso;Bagnato (pioggia);Asfaltata;Assente;Pioggia in atto;Normale;Sufficiente;Sufficiente;0;0;0;2;12.41363;41.92196;-1;1;Autovettura privata;In marcia / fermata / arresto;Conducente;M;Illeso;0;;Non accertato;Inesploso
2158572;19;01/10/2014 20:41;Strada Urbana;VIA PIETRO BEMBO;all'intersezione con;VIA GIOVANNI D'ANDREA;VIA GIOVANNI D'ANDREA;;;Veicolo in marcia contro ostacolo fisso;Intersezione non regolata/non segnalata;Una carreggiata a doppio senso;Bagnato (pioggia);Asfaltata;Assente;Pioggia in atto;Normale;Sufficiente;Sufficiente;0;0;0;2;12.41363;41.92196;-1;1;Autovettura privata;In marcia / fermata / arresto;Passeggero;F;Illeso;0;;Non accertato;Inesploso
2158588;4;01/10/2014 19:50;Strada Urbana;VIA FEDERICO BORROMEO;in corrispondenza;;del civico n.;25;;Investimento di pedone;Rettilineo;Una carreggiata a doppio senso;Bagnato (pioggia);Asfaltata;Verticale ed orizzontale;Pioggia in atto;Normale;Buona;Sufficiente;1;0;0;1;12.41473;41.91501;-1;;;;Pedone;F;Ricoverato;0;NON DECEDUTO;;
2158588;4;01/10/2014 19:50;Strada Urbana;VIA FEDERICO BORROMEO;in corrispondenza;;del civico n.;25;;Investimento di pedone;Rettilineo;Una carreggiata a doppio senso;Bagnato (pioggia);Asfaltata;Verticale ed orizzontale;Pioggia in atto;Normale;Buona;Sufficiente;1;0;0;1;12.41473;41.91501;-1;1;Autobus urbano;In marcia / fermata / arresto;Conducente;M;Illeso;0;;Non accertato;Inesistente
2158591;17;01/10/2014;Strada Urbana;PIAZZA BAINSIZZA;da specificare;;;;fr. via timavo;Veicolo in marcia contro ostacolo fisso;Rettilineo;Una carreggiata a senso unico di marcia;Asciutto;Asfaltata;Verticale ed orizzontale;Sereno;Scarso;Sufficiente;Sufficiente;1;0;0;0;12.46162;41.91999;-1;1;Autovettura privata;In marcia / fermata / arresto;Conducente;F;Rifiuta cure immediate;0;NON DECEDUTO;Non accertato;Inesploso
2158595;19;01/10/2014 20:42;Strada Urbana;VIA PIETRO BEMBO;all'intersezione con;VIA GIOVANNI D'ANDREA;VIA GIOVANNI D'ANDREA;;;Veicolo in marcia contro ostacolo fisso;Intersezione non regolata/non segnalata;Una carreggiata a doppio senso;Bagnato (pioggia);Asfaltata;Assente;Pioggia in atto;Normale;Sufficiente;Sufficiente;0;0;0;2;12.4137;41.92193;-1;1;Autovettura privata;In marcia / fermata / arresto;Conducente;F;Illeso;0;;Non accertato;Inesploso
2158595;19;01/10/2014 20:42;Strada Urbana;VIA PIETRO BEMBO;all'intersezione con;VIA GIOVANNI D'ANDREA;VIA GIOVANNI D'ANDREA;;;Veicolo in marcia contro ostacolo fisso;Intersezione non regolata/non segnalata;Una carreggiata a doppio senso;Bagnato (pioggia);Asfaltata;Assente;Pioggia in atto;Normale;Sufficiente;Sufficiente;0;0;0;2;12.4137;41.92193;-1;1;Autovettura privata;In marcia / fermata / arresto;Passeggero;M;Illeso;0;;Non accertato;Inesploso
2158596;4;01/10/2014 17:00;Strada Urbana;VIA DARIO NICCODEMI;in corrispondenza;;del civico n.;99;;Veicolo in marcia contro veicolo arresto;Rettilineo;Una carreggiata a doppio senso;Bagnato (umidità in atto);Asfaltata;Assente;Nuvoloso;Normale;Buona;Ore Diurne;1;0;0;4;12.54941;41.95707;-1;1;Autovettura privata;In marcia / fermata / arresto;Conducente;F;Illeso;0;;Non accertato;
2158596;4;01/10/2014 17:00;Strada Urbana;VIA DARIO NICCODEMI;in corrispondenza;;del civico n.;99;;Veicolo in marcia contro veicolo arresto;Rettilineo;Una carreggiata a doppio senso;Bagnato (umidità in atto);Asfaltata;Assente;Nuvoloso;Normale;Buona;Ore Diurne;1;0;0;4;12.54941;41.95707;-1;1;Autovettura privata;In marcia / fermata / arresto;Passeggero;M;Illeso;0;;Non accertato;
2158596;4;01/10/2014 17:00;Strada Urbana;VIA DARIO NICCODEMI;in corrispondenza;;del civico n.;99;;Veicolo in marcia contro veicolo arresto;Rettilineo;Una carreggiata a doppio senso;Bagnato (umidità in atto);Asfaltata;Assente;Nuvoloso;Normale;Buona;Ore Diurne;1;0;0;4;12.54941;41.95707;-1;1;Autovettura privata;In marcia / fermata / arresto;Passeggero;F;Illeso;0;;Non accertato;
2158596;4;01/10/2014 17:00;Strada Urbana;VIA DARIO NICCODEMI;in corrispondenza;;del civico n.;99;;Veicolo in marcia contro veicolo arresto;Rettilineo;Una carreggiata a doppio senso;Bagnato (umidità in atto);Asfaltata;Assente;Nuvoloso;Normale;Buona;Ore Diurne;1;0;0;4;12.54941;41.95707;-1;1;Autovettura privata;In marcia / fermata / arresto;Passeggero;F;Illeso;0;;Non accertato;
2158596;4;01/10/2014 17:00;Strada Urbana;VIA DARIO NICCODEMI;in corrispondenza;;del civico n.;99;;Veicolo in marcia contro veicolo arresto;Rettilineo;Una carreggiata a doppio senso;Bagnato (umidità in atto);Asfaltata;Assente;Nuvoloso;Normale;Buona;Ore Diurne;1;0;0;4;12.54941;41.95707;-1;2;Motociclo a solo;In marcia / fermata / arresto;Conducente;F;Rimandato;0;NON DECEDUTO;Non accertato;
2158603;4;01/10/2014 17:00;Strada Urbana;VIA FILIPPO ANTONIO GUALTERIO;in prossimità;;del civico n.;5;;Scontro laterale fra veicoli in marcia;Rettilineo;Una carreggiata a doppio senso;Bagnato (umidità in atto);Asfaltata;Verticale ed orizzontale;Nuvoloso;Scarso;Buona;Ore Diurne;0;0;0;4;12.51965;41.95249;-1;1;Autovettura privata;In marcia / fermata / arresto;Conducente;M;Illeso;0;;Non accertato;Inesploso
2158603;4;01/10/2014 17:00;Strada Urbana;VIA FILIPPO ANTONIO GUALTERIO;in prossimità;;del civico n.;5;;Scontro laterale fra veicoli in marcia;Rettilineo;Una carreggiata a doppio senso;Bagnato (umidità in atto);Asfaltata;Verticale ed orizzontale;Nuvoloso;Scarso;Buona;Ore Diurne;0;0;0;4;12.51965;41.95249;-1;2;Autovettura privata;In marcia / fermata / arresto;Conducente;F;Illeso;0;;Non accertato;Inesploso
2158603;4;01/10/2014 17:00;Strada Urbana;VIA FILIPPO ANTONIO GUALTERIO;in prossimità;;del civico n.;5;;Scontro laterale fra veicoli in marcia;Rettilineo;Una carreggiata a doppio senso;Bagnato (umidità in atto);Asfaltata;Verticale ed orizzontale;Nuvoloso;Scarso;Buona;Ore Diurne;0;0;0;4;12.51965;41.95249;-1;2;Autovettura privata;In marcia / fermata / arresto;Passeggero;F;Illeso;0;;Non accertato;Inesploso
2158603;4;01/10/2014 17:00;Strada Urbana;VIA FILIPPO ANTONIO GUALTERIO;in prossimità;;del civico n.;5;;Scontro laterale fra veicoli in marcia;Rettilineo;Una carreggiata a doppio senso;Bagnato (umidità in atto);Asfaltata;Verticale ed orizzontale;Nuvoloso;Scarso;Buona;Ore Diurne;0;0;0;4;12.51965;41.95249;-1;2;Autovettura privata;In marcia / fermata / arresto;Passeggero;F;Illeso;0;;Non accertato;Inesploso
2158607;1;01/10/2014 16:35;Strada Urbana;VIA DELLA DATARIA;in prossimità;;del civico n.;94;;Investimento di pedone;Rettilineo;Una carreggiata a doppio senso;Bagnato (pioggia);Asfaltata;Verticale ed orizzontale;Nuvoloso;Scarso;Buona;Ore Diurne;1;0;0;1;12.48446;41.90006;-1;;;;Pedone;F;Rimandato;0;NON DECEDUTO;;
2158607;1;01/10/2014 16:35;Strada Urbana;VIA DELLA DATARIA;in prossimità;;del civico n.;94;;Investimento di pedone;Rettilineo;Una carreggiata a doppio senso;Bagnato (pioggia);Asfaltata;Verticale ed orizzontale;Nuvoloso;Scarso;Buona;Ore Diurne;1;0;0;1;12.48446;41.90006;-1;1;Motociclo a solo;In marcia / fermata / arresto;Conducente;M;Illeso;0;;Non accertato;
2158612;4;01/10/2014 10:00;Strada Urbana;VIA CAVRIGLIA;all'intersezione con;VIA GIUSEPPE VALMARANA;VIA GIUSEPPE VALMARANA;;;Scontro laterale fra veicoli in marcia;Incrocio;Una carreggiata a doppio senso;Asciutto;Asfaltata;Verticale ed orizzontale;Sereno;Normale;Buona;Ore Diurne;0;0;0;2;12.5155;41.94757;-1;1;Motociclo a solo;In marcia / fermata / arresto;Conducente;M;Illeso;0;;Non accertato;
2158612;4;01/10/2014 10:00;Strada Urbana;VIA CAVRIGLIA;all'intersezione con;VIA GIUSEPPE VALMARANA;VIA GIUSEPPE VALMARANA;;;Scontro laterale fra veicoli in marcia;Incrocio;Una carreggiata a doppio senso;Asciutto;Asfaltata;Verticale ed orizzontale;Sereno;Normale;Buona;Ore Diurne;0;0;0;2;12.5155;41.94757;-1;2;Autovettura privata;In marcia / fermata / arresto;Conducente;M;Illeso;0;;Non accertato;Inesploso
2158615;4;01/10/2014 13:00;Strada Urbana;VIALE GINO CERVI;in corrispondenza;;del civico n.;8;;Scontro frontale/laterale DX fra veicoli in marcia;Rettilineo;Due carreggiate;Asciutto;Asfaltata;Assente;Nuvoloso;Normale;Buona;Ore Diurne;1;0;0;1;12.53061;41.96388;-1;1;Autovettura privata;In marcia / fermata / arresto;Conducente;F;Illeso;0;;Non accertato;Inesploso
2158615;4;01/10/2014 13:00;Strada Urbana;VIALE GINO CERVI;in corrispondenza;;del civico n.;8;;Scontro frontale/laterale DX fra veicoli in marcia;Rettilineo;Due carreggiate;Asciutto;Asfaltata;Assente;Nuvoloso;Normale;Buona;Ore Diurne;1;0;0;1;12.53061;41.96388;-1;2;Motociclo a solo;In marcia / fermata / arresto;Conducente;F;Rifiuta cure immediate;0;NON DECEDUTO;Non accertato;
2158617;4;01/10/2014 16:30;Strada Urbana;VIA JACOPO SANNAZZARO;all'intersezione con;VIA LUIGI BERTELLI;VIA LUIGI BERTELLI;;;Scontro frontale/laterale DX fra veicoli in marcia;Incrocio;Una carreggiata a senso unico di marcia;Sdrucciolevole (fango);Strada pavimentata dissestata;Assente;Grandine in atto;Scarso;Sufficiente;Ore Diurne;0;0;0;2;12.54104;41.93911;-1;1;Autovettura privata;In marcia / fermata / arresto;Conducente;F;Illeso;0;;Non accertato;Inesploso
2158617;4;01/10/2014 16:30;Strada Urbana;VIA JACOPO SANNAZZARO;all'intersezione con;VIA LUIGI BERTELLI;VIA LUIGI BERTELLI;;;Scontro frontale/laterale DX fra veicoli in marcia;Incrocio;Una carreggiata a senso unico di marcia;Sdrucciolevole (fango);Strada pavimentata dissestata;Assente;Grandine in atto;Scarso;Sufficiente;Ore Diurne;0;0;0;2;12.54104;41.93911;-1;2;Autovettura privata;In marcia / fermata / arresto;Conducente;M;Illeso;0;;Non accertato;Inesploso
2158626;7;01/10/2014 18:00;Strada Urbana;VIA PRENESTINA;all'intersezione semaforizzata con;VIALE PALMIRO TOGLIATTI;VIALE PALMIRO TOGLIATTI;;;Scontro laterale fra veicoli in marcia;Intersezione semaforizzata;Una carreggiata a doppio senso;Asciutto;Asfaltata;Verticale ed orizzontale;Nuvoloso;Normale;Buona;Ore Diurne;0;0;0;2;12.57497;41.89505;-1;1;Autovettura privata;In marcia / fermata / arresto;Conducente;M;Illeso;0;;Non accertato;Inesploso
2158626;7;01/10/2014 18:00;Strada Urbana;VIA PRENESTINA;all'intersezione semaforizzata con;VIALE PALMIRO TOGLIATTI;VIALE PALMIRO TOGLIATTI;;;Scontro laterale fra veicoli in marcia;Intersezione semaforizzata;Una carreggiata a doppio senso;Asciutto;Asfaltata;Verticale ed orizzontale;Nuvoloso;Normale;Buona;Ore Diurne;0;0;0;2;12.57497;41.89505;-1;2;Autovettura privata;In marcia / fermata / arresto;Conducente;M;Illeso;0;;Non accertato;Inesploso