Protocollo;Gruppo;DataOraIncidente;Localizzazione1;STRADA1;Localizzazione2;STRADA2;Strada02;Chilometrica;DaSpecificare;NaturaIncidente;particolaritastrade;TipoStrada;FondoStradale;Pavimentazione;Segnaletica;CondizioneAtmosferica;Traffico;Visibilita;Illuminazione;NUM_FERITI;NUM_RISERVATA;NUM_MORTI;NUM_ILLESI;Longitudine;Latitudine;Confermato;Progressivo;TipoVeicolo;StatoVeicolo;TipoPersona;Sesso;Tipolesione;Deceduto;DecedutoDopo;CinturaCascoUtilizzato;Airbag
2162134;17;04/10/2014 11:20;Strada Urbana;VIALE DEGLI AMMIRAGLI;da specificare;;;;svincolo centrale fr. via Giorgio Scalia;Scontro frontale/laterale DX fra veicoli in marcia;Rettilineo;Una carreggiata a senso unico di marcia;Asciutto;Asfaltata;Verticale ed orizzontale;Sereno;Scarso;Buona;Ore Diurne;0;0;0;4;12.44445;41.90596;-1;1;Autovettura privata;In marcia / fermata / arresto;Conducente;F;Illeso;0;;Non accertato;Inesploso
2162134;17;04/10/2014 11:20;Strada Urbana;VIALE DEGLI AMMIRAGLI;da specificare;;;;svincolo centrale fr. via Giorgio Scalia;Scontro frontale/laterale DX fra veicoli in marcia;Rettilineo;Una carreggiata a senso unico di marcia;Asciutto;Asfaltata;Verticale ed orizzontale;Sereno;Scarso;Buona;Ore Diurne;0;0;0;4;12.44445;41.90596;-1;1;Autovettura privata;In marcia / fermata / arresto;Passeggero;M;Illeso;0;;Non accertato;Inesploso
2162134;17;04/10/2014 11:20;Strada Urbana;VIALE DEGLI AMMIRAGLI;da specificare;;;;svincolo centrale fr. via Giorgio Scalia;Scontro frontale/laterale DX fra veicoli in marcia;Rettilineo;Una carreggiata a senso unico di marcia;Asciutto;Asfaltata;Verticale ed orizzontale;Sereno;Scarso;Buona;Ore Diurne;0;0;0;4;12.44445;41.90596;-1;1;Autovettura privata;In marcia / fermata / arresto;Passeggero;M;Illeso;0;;Non accertato;Inesploso
2162134;17;04/10/2014 11:20;Strada Urbana;VIALE DEGLI AMMIRAGLI;da specificare;;;;svincolo centrale fr. via Giorgio Scalia;Scontro frontale/laterale DX fra veicoli in marcia;Rettilineo;Una carreggiata a senso unico di marcia;Asciutto;Asfaltata;Verticale ed orizzontale;Sereno;Scarso;Buona;Ore Diurne;0;0;0;4;12.44445;41.90596;-1;2;Motociclo con passeggero;In marcia / fermata / arresto;Conducente;F;Illeso;0;;Non accertato;
2162137;11;05/10/2014 15:15;Strada Urbana;VIA ALESSANDRA MACINGHI STROZZI;in corrispondenza;;del civico n.;52;;Veicolo in marcia contro veicolo in sosta;Rettilineo;Una carreggiata a doppio senso;Asciutto;Asfaltata;Verticale ed orizzontale;Sereno;Scarso;Buona;Ore Diurne;0;0;0;1;12.48751;41.86027;-1;1;Autovettura privata;In marcia / fermata / arresto;Conducente;M;Illeso;0;;Non accertato;
2162142;7;05/10/2014 22:50;Strada Urbana;VIA RENATO BIROLLI;in prossimità;;del civico n.;15;;Veicolo in marcia contro ostacolo accidentale;Rettilineo;Una carreggiata a doppio senso;Asciutto;Asfaltata;Assente;Sereno;Scarso;Insufficiente;Insufficiente;0;0;0;1;12.59896;41.90362;-1;1;Autovettura privata;In marcia / fermata / arresto;Conducente;M;Illeso;0;;Non accertato;Inesploso
2162153;7;06/10/2014 07:45;Strada Urbana;VIA RAFFAELE COSTI;in prossimità;;del civico n.;23;;Tamponamento;Rettilineo;Una carreggiata a doppio senso;Asciutto;Asfaltata;Orizzontale;Sereno;Normale;Buona;Ore Diurne;0;0;0;2;12.58993;41.90901;-1;1;Autovettura privata;In marcia / fermata / arresto;Conducente;M;Illeso;0;;Non accertato;Inesploso
2162153;7;06/10/2014 07:45;Strada Urbana;VIA RAFFAELE COSTI;in prossimità;;del civico n.;23;;Tamponamento;Rettilineo;Una carreggiata a doppio senso;Asciutto;Asfaltata;Orizzontale;Sereno;Normale;Buona;Ore Diurne;0;0;0;2;12.58993;41.90901;-1;2;Autovettura privata;In marcia / fermata / arresto;Conducente;F;Illeso;0;;Non accertato;Inesploso
2162154;17;04/10/2014 12:30;Strada Urbana;VIA DELLA TRASPONTINA;all'intersezione con;VIA DELLA CONCILIAZIONE;VIA DELLA CONCILIAZIONE;;;Tamponamento;Intersezione semaforizzata;Una carreggiata a senso unico di marcia;Asciutto;Acciotolata;Verticale ed orizzontale;Sereno;Normale;Buona;Ore Diurne;0;0;0;1;12.46296;41.90249;-1;1;Autovettura privata;In marcia / fermata / arresto;Conducente;F;Illeso;0;;;Inesploso
2162156;6;03/10/2014 17:00;Strada Urbana;VIA PRENESTINA;da specificare;;;;fronte via Renzo Da Ceri;Tamponamento;Rettilineo;Più di due carreggiate;Asciutto;Asfaltata;Orizzontale;Nuvoloso;Intenso;Buona;Ore Diurne;0;0;0;3;12.53821;41.89234;-1;1;Autovettura privata;In marcia / fermata / arresto;Conducente;M;Illeso;0;;Non accertato;Inesploso
2162156;6;03/10/2014 17:00;Strada Urbana;VIA PRENESTINA;da specificare;;;;fronte via Renzo Da Ceri;Tamponamento;Rettilineo;Più di due carreggiate;Asciutto;Asfaltata;Orizzontale;Nuvoloso;Intenso;Buona;Ore Diurne;0;0;0;3;12.53821;41.89234;-1;2;Autovettura privata;In marcia / fermata / arresto;Conducente;M;Illeso;0;;Utilizzato;Inesploso
2162156;6;03/10/2014 17:00;Strada Urbana;VIA PRENESTINA;da specificare;;;;fronte via Renzo Da Ceri;Tamponamento;Rettilineo;Più di due carreggiate;Asciutto;Asfaltata;Orizzontale;Nuvoloso;Intenso;Buona;Ore Diurne;0;0;0;3;12.53821;41.89234;-1;2;Autovettura privata;In marcia / fermata / arresto;Passeggero;F;Illeso;0;;Non accertato;Inesploso
2162157;12;04/10/2014 15:10;Statale;VIA DEL MARE;da specificare;;;;dir. Ostia. Rampa uscita Raccordo Anulare;Scontro laterale fra veicoli in marcia;Rettilineo;Più di due carreggiate;Asciutto;Asfaltata;Verticale ed orizzontale;Sereno;Scarso;Buona;Ore Diurne;1;0;0;2;12.42031;41.80731;-1;1;Autovettura privata;In marcia / fermata / arresto;Conducente;M;Illeso;0;;Non accertato;Inesploso
2162157;12;04/10/2014 15:10;Statale;VIA DEL MARE;da specificare;;;;dir. Ostia. Rampa uscita Raccordo Anulare;Scontro laterale fra veicoli in marcia;Rettilineo;Più di due carreggiate;Asciutto;Asfaltata;Verticale ed orizzontale;Sereno;Scarso;Buona;Ore Diurne;1;0;0;2;12.42031;41.80731;-1;1;Autovettura privata;In marcia / fermata / arresto;Passeggero;F;Illeso;0;;Utilizzato;Inesploso
2162157;12;04/10/2014 15:10;Statale;VIA DEL MARE;da specificare;;;;dir. Ostia. Rampa uscita Raccordo Anulare;Scontro laterale fra veicoli in marcia;Rettilineo;Più di due carreggiate;Asciutto;Asfaltata;Verticale ed orizzontale;Sereno;Scarso;Buona;Ore Diurne;1;0;0;2;12.42031;41.80731;-1;2;Motociclo a solo;In marcia / fermata / arresto;Conducente;M;Rimandato;0;NON DECEDUTO;Utilizzato;
2162161;17;04/10/2014 16:40;Strada Urbana;CORSO VITTORIO EMANUELE II;in prossimità;;del civico n.;274;;Investimento di pedone;Rettilineo;Una carreggiata a doppio senso;Asciutto;Asfaltata;Verticale ed orizzontale;Sereno;Normale;Buona;Ore Diurne;0;0;0;2;12.4681;41.89812;-1;;;;Pedone;F;Illeso;0;;;
2162161;17;04/10/2014 16:40;Strada Urbana;CORSO VITTORIO EMANUELE II;in prossimità;;del civico n.;274;;Investimento di pedone;Rettilineo;Una carreggiata a doppio senso;Asciutto;Asfaltata;Verticale ed orizzontale;Sereno;Normale;Buona;Ore Diurne;0;0;0;2;12.4681;41.89812;-1;1;Motociclo a solo;In marcia / fermata / arresto;Conducente;M;Illeso;0;;Non accertato;
2162162;11;04/10/2014 11:15;Strada Urbana;VIALE GUGLIELMO MASSAIA;in corrispondenza;;del civico n.;12;;Investimento di pedone;Rettilineo;Una carreggiata a doppio senso;Asciutto;Asfaltata;Verticale ed orizzontale;Sereno;Normale;Buona;Ore Diurne;1;0;0;3;12.49114;41.86558;-1;;;;Pedone;M;Rimandato;0;NON DECEDUTO;;
2162162;11;04/10/2014 11:15;Strada Urbana;VIALE GUGLIELMO MASSAIA;in corrispondenza;;del civico n.;12;;Investimento di pedone;Rettilineo;Una carreggiata a doppio senso;Asciutto;Asfaltata;Verticale ed orizzontale;Sereno;Normale;Buona;Ore Diurne;1;0;0;3;12.49114;41.86558;-1;1;Autovettura privata;In marcia / fermata / arresto;Conducente;M;Illeso;0;;Non accertato;
2162162;11;04/10/2014 11:15;Strada Urbana;VIALE GUGLIELMO MASSAIA;in corrispondenza;;del civico n.;12;;Investimento di pedone;Rettilineo;Una carreggiata a doppio senso;Asciutto;Asfaltata;Verticale ed orizzontale;Sereno;Normale;Buona;Ore Diurne;1;0;0;3;12.49114;41.86558;-1;1;Autovettura privata;In marcia / fermata / arresto;Passeggero;M;Illeso;0;;Non accertato;
2162162;11;04/10/2014 11:15;Strada Urbana;VIALE GUGLIELMO MASSAIA;in corrispondenza;;del civico n.;12;;Investimento di pedone;Rettilineo;Una carreggiata a doppio senso;Asciutto;Asfaltata;Verticale ed orizzontale;Sereno;Normale;Buona;Ore Diurne;1;0;0;3;12.49114;41.86558;-1;1;Autovettura privata;In marcia / fermata / arresto;Passeggero;M;Illeso;0;;Non accertato;
2162163;17;03/10/2014 10:25;Strada Urbana;VIA RICCARDO GRAZIOLI LANTE;all'intersezione con;VIA SIMONE DE SAINT BON;VIA SIMONE DE SAINT BON;;;Scontro laterale fra veicoli in marcia;Incrocio;Una carreggiata a senso unico di marcia;Asciutto;Asfaltata;Verticale ed orizzontale;Sereno;Scarso;Buona;Ore Diurne;0;0;0;4;12.4563;41.91332;-1;1;Autocarro inferiore 35 q.;In marcia / fermata / arresto;Conducente;M;Illeso;0;;Non accertato;Inesploso
2162163;17;03/10/2014 10:25;Strada Urbana;VIA RICCARDO GRAZIOLI LANTE;all'intersezione con;VIA SIMONE DE SAINT BON;VIA SIMONE DE SAINT BON;;;Scontro laterale fra veicoli in marcia;Incrocio;Una carreggiata a senso unico di marcia;Asciutto;Asfaltata;Verticale ed orizzontale;Sereno;Scarso;Buona;Ore Diurne;0;0;0;4;12.4563;41.91332;-1;1;Autocarro inferiore 35 q.;In marcia / fermata / arresto;Passeggero;M;Illeso;0;;Non accertato;Inesploso
2162163;17;03/10/2014 10:25;Strada Urbana;VIA RICCARDO GRAZIOLI LANTE;all'intersezione con;VIA SIMONE DE SAINT BON;VIA SIMONE DE SAINT BON;;;Scontro laterale fra veicoli in marcia;Incrocio;Una carreggiata a senso unico di marcia;Asciutto;Asfaltata;Verticale ed orizzontale;Sereno;Scarso;Buona;Ore Diurne;0;0;0;4;12.4563;41.91332;-1;2;Autovettura privata;In marcia / fermata / arresto;Conducente;M;Illeso;0;;Non accertato;Inesploso
2162163;17;03/10/2014 10:25;Strada Urbana;VIA RICCARDO GRAZIOLI LANTE;all'intersezione con;VIA SIMONE DE SAINT BON;VIA SIMONE DE SAINT BON;;;Scontro laterale fra veicoli in marcia;Incrocio;Una carreggiata a senso unico di marcia;Asciutto;Asfaltata;Verticale ed orizzontale;Sereno;Scarso;Buona;Ore Diurne;0;0;0;4;12.4563;41.91332;-1;2;Autovettura privata;In marcia / fermata / arresto;Passeggero;F;Illeso;0;;Non accertato;Inesploso
2162179;20;05/10/2014 22:00;Regionale entro l'abitato;VIA CASSIA;all'intersezione con;VIA CAPRAROLA;VIA CAPRAROLA;;;Scontro frontale/laterale SX fra veicoli in marcia;Incrocio;Una carreggiata a doppio senso;Asciutto;Asfaltata;Orizzontale;Sereno;Normale;Sufficiente;Sufficiente;0;0;0;2;12.41447;41.9825;-1;1;Autovettura privata;In marcia / fermata / arresto;Conducente;F;Illeso;0;;;
2162179;20;05/10/2014 22:00;Regionale entro l'abitato;VIA CASSIA;all'intersezione con;VIA CAPRAROLA;VIA CAPRAROLA;;;Scontro frontale/laterale SX fra veicoli in marcia;Incrocio;Una carreggiata a doppio senso;Asciutto;Asfaltata;Orizzontale;Sereno;Normale;Sufficiente;Sufficiente;0;0;0;2;12.41447;41.9825;-1;2;Motociclo a solo;In marcia / fermata / arresto;Conducente;M;Illeso;0;;;
2162183;6;03/10/2014 18:15;Strada Urbana;VIA PRENESTINA;all'intersezione semaforizzata con;LARGO PRENESTE;LARGO PRENESTE;;;Scontro laterale fra veicoli in marcia;Intersezione semaforizzata;Più di due carreggiate;Bagnato (pioggia);Asfaltata;Verticale ed orizzontale;Pioggia in atto;Normale;Buona;Ore Diurne;0;0;0;4;12.54174;41.89254;-1;1;Autocarro inferiore 35 q.;In marcia / fermata / arresto;Conducente;M;Illeso;0;;Non accertato;
2162183;6;03/10/2014 18:15;Strada Urbana;VIA PRENESTINA;all'intersezione semaforizzata con;LARGO PRENESTE;LARGO PRENESTE;;;Scontro laterale fra veicoli in marcia;Intersezione semaforizzata;Più di due carreggiate;Bagnato (pioggia);Asfaltata;Verticale ed orizzontale;Pioggia in atto;Normale;Buona;Ore Diurne;0;0;0;4;12.54174;41.89254;-1;1;Autocarro inferiore 35 q.;In marcia / fermata / arresto;Passeggero;M;Illeso;0;;Non accertato;
2162183;6;03/10/2014 18:15;Strada Urbana;VIA PRENESTINA;all'intersezione semaforizzata con;LARGO PRENESTE;LARGO PRENESTE;;;Scontro laterale fra veicoli in marcia;Intersezione semaforizzata;Più di due carreggiate;Bagnato (pioggia);Asfaltata;Verticale ed orizzontale;Pioggia in atto;Normale;Buona;Ore Diurne;0;0;0;4;12.54174;41.89254;-1;2;Autovettura privata;In marcia / fermata / arresto;Conducente;M;Illeso;0;;Non accertato;
2162183;6;03/10/2014 18:15;Strada Urbana;VIA PRENESTINA;all'intersezione semaforizzata con;LARGO PRENESTE;LARGO PRENESTE;;;Scontro laterale fra veicoli in marcia;Intersezione semaforizzata;Più di due carreggiate;Bagnato (pioggia);Asfaltata;Verticale ed orizzontale;Pioggia in atto;Normale;Buona;Ore Diurne;0;0;0;4;12.54174;41.89254;-1;2;Autovettura privata;In marcia / fermata / arresto;Passeggero;F;Illeso;0;;Non accertato;
2162185;11;05/10/2014 00:10;Strada Urbana;VIALE GUGLIELMO MARCONI;da specificare;;;;altezza fermata metro marconi;Tamponamento;Rettilineo;Due carreggiate;Asciutto;Asfaltata;Verticale ed orizzontale;Sereno;Normale;Sufficiente;Sufficiente;0;0;0;3;12.47502;41.8487;-1;1;Autovettura privata;In marcia / fermata / arresto;Conducente;M;Illeso;0;;Non accertato;
2162185;11;05/10/2014 00:10;Strada Urbana;VIALE GUGLIELMO MARCONI;da specificare;;;;altezza fermata metro marconi;Tamponamento;Rettilineo;Due carreggiate;Asciutto;Asfaltata;Verticale ed orizzontale;Sereno;Normale;Sufficiente;Sufficiente;0;0;0;3;12.47502;41.8487;-1;1;Autovettura privata;In marcia / fermata / arresto;Passeggero;F;Illeso;0;;Non accertato;
2162185;11;05/10/2014 00:10;Strada Urbana;VIALE GUGLIELMO MARCONI;da specificare;;;;altezza fermata metro marconi;Tamponamento;Rettilineo;Due carreggiate;Asciutto;Asfaltata;Verticale ed orizzontale;Sereno;Normale;Sufficiente;Sufficiente;0;0;0;3;12.47502;41.8487;-1;2;Autovettura privata;In marcia / fermata / arresto;Conducente;M;Illeso;0;;Non accertato;
2162187;4;04/10/2014 13:00;Statale entro l'abitato;VIA NOMENTANA;in prossimità;;del civico n.;1141;;Tamponamento Multiplo;Rettilineo;Una carreggiata a doppio senso;Asciutto;Asfaltata;Verticale ed orizzontale;Sereno;Normale;Buona;Ore Diurne;0;0;0;4;12.57763;41.95613;-1;1;Autovettura privata;In marcia / fermata / arresto;Conducente;M;Illeso;0;;Non accertato;
2162187;4;04/10/2014 13:00;Statale entro l'abitato;VIA NOMENTANA;in prossimità;;del civico n.;1141;;Tamponamento Multiplo;Rettilineo;Una carreggiata a doppio senso;Asciutto;Asfaltata;Verticale ed orizzontale;Sereno;Normale;Buona;Ore Diurne;0;0;0;4;12.57763;41.95613;-1;1;Autovettura privata;In marcia / fermata / arresto;Passeggero;F;Illeso;0;;Non accertato;
2162187;4;04/10/2014 13:00;Statale entro l'abitato;VIA NOMENTANA;in prossimità;;del civico n.;1141;;Tamponamento Multiplo;Rettilineo;Una carreggiata a doppio senso;Asciutto;Asfaltata;Verticale ed orizzontale;Sereno;Normale;Buona;Ore Diurne;0;0;0;4;12.57763;41.95613;-1;2;Autovettura privata;In marcia / fermata / arresto;Conducente;M;Illeso;0;;Non accertato;
2162187;4;04/10/2014 13:00;Statale entro l'abitato;VIA NOMENTANA;in prossimità;;del civico n.;1141;;Tamponamento Multiplo;Rettilineo;Una carreggiata a doppio senso;Asciutto;Asfaltata;Verticale ed orizzontale;Sereno;Normale;Buona;Ore Diurne;0;0;0;4;12.57763;41.95613;-1;3;Autovettura privata;In marcia / fermata / arresto;Conducente;M;Illeso;0;;Non accertato;
2162188;4;04/10/2014 20:00;Strada Urbana;VIA DELLE VIGNE NUOVE;da specificare;;;;prossimità via G. CONTI;Tamponamento;Rettilineo;Una carreggiata a senso unico di marcia;Asciutto;Asfaltata;Verticale ed orizzontale;Sereno;Normale;Buona;Sufficiente;0;0;0;4;12.53579;41.95753;-1;1;Autocarro inferiore 35 q.;In marcia / fermata / arresto;Conducente;M;Illeso;0;;Non accertato;
2162188;4;04/10/2014 20:00;Strada Urbana;VIA DELLE VIGNE NUOVE;da specificare;;;;prossimità via G. CONTI;Tamponamento;Rettilineo;Una carreggiata a senso unico di marcia;Asciutto;Asfaltata;Verticale ed orizzontale;Sereno;Normale;Buona;Sufficiente;0;0;0;4;12.53579;41.95753;-1;2;Autovettura privata;In marcia / fermata / arresto;Conducente;M;Illeso;0;;Non accertato;
2162188;4;04/10/2014 20:00;Strada Urbana;VIA DELLE VIGNE NUOVE;da specificare;;;;prossimità via G. CONTI;Tamponamento;Rettilineo;Una carreggiata a senso unico di marcia;Asciutto;Asfaltata;Verticale ed orizzontale;Sereno;Normale;Buona;Sufficiente;0;0;0;4;12.53579;41.95753;-1;2;Autovettura privata;In marcia / fermata / arresto;Passeggero;F;Illeso;0;;Non accertato;
2162188;4;04/10/2014 20:00;Strada Urbana;VIA DELLE VIGNE NUOVE;da specificare;;;;prossimità via G. CONTI;Tamponamento;Rettilineo;Una carreggiata a senso unico di marcia;Asciutto;Asfaltata;Verticale ed orizzontale;Sereno;Normale;Buona;Sufficiente;0;0;0;4;12.53579;41.95753;-1;2;Autovettura privata;In marcia / fermata / arresto;Passeggero;M;Illeso;0;;Non accertato;
2162191;12;04/10/2014 10:30;Strada Urbana;VIALE GUGLIELMO MARCONI;da specificare;;;;PROX SOTTOVIA COLOMBO-PIAZZALE DEL LAVORO;Ribaltamento senza urto contro ostacolo fisso;Sottopasso illuminato;Una carreggiata a senso unico di marcia;Asciutto;Asfaltata;Verticale ed orizzontale;Sereno;Normale;Buona;Ore Diurne;1;0;0;0;12.47124;41.85748;-1;1;Motociclo a solo;In marcia / fermata / arresto;Conducente;M;Rimandato;0;NON DECEDUTO;Non accertato;
2162192;4;04/10/2014 13:05;Strada Urbana;VIA NOMENTANA;all'intersezione con;VIA VAL D'AOSTA;VIA VAL D'AOSTA;;;Veicolo in marcia contro ostacolo accidentale;Incrocio;Due carreggiate;Viscido da liquidi oleosi;Asfaltata;Verticale ed orizzontale;Sereno;Normale;Buona;Ore Diurne;1;0;0;0;12.52692;41.93069;-1;1;Motociclo a solo;In marcia / fermata / arresto;Conducente;F;Rimandato;0;NON DECEDUTO;Non accertato;
2162197;4;05/10/2014 18:40;Strada Urbana;VIA VAL CENISCHIA;in prossimità;;del civico n.;8;;Scontro laterale fra veicoli in marcia;Rettilineo;Una carreggiata a senso unico di marcia;Asciutto;Asfaltata;Verticale ed orizzontale;Sereno;Scarso;Sufficiente;Ore Diurne;0;0;0;2;12.51871;41.94333;-1;1;Autovettura privata;In marcia / fermata / arresto;Conducente;F;Illeso;0;;Non accertato;
2162197;4;05/10/2014 18:40;Strada Urbana;VIA VAL CENISCHIA;in prossimità;;del civico n.;8;;Scontro laterale fra veicoli in marcia;Rettilineo;Una carreggiata a senso unico di marcia;Asciutto;Asfaltata;Verticale ed orizzontale;Sereno;Scarso;Sufficiente;Ore Diurne;0;0;0;2;12.51871;41.94333;-1;2;Autovettura privata;In marcia / fermata / arresto;Conducente;M;Illeso;0;;Non accertato;
2162200;4;05/10/2014 16:00;Strada Urbana;VIA ROSINA ANSELMI;da specificare;;;;prossimità via tina di lorenzo;Veicolo in marcia contro ostacolo accidentale;Rettilineo;Una carreggiata a senso unico di marcia;Asciutto;Asfaltata;Assente;Sereno;Intenso;Insufficiente;Ore Diurne;0;0;0;2;12.53041;41.96692;-1;1;Motociclo con passeggero;In marcia / fermata / arresto;Conducente;M;Illeso;0;;Non accertato;
2162200;4;05/10/2014 16:00;Strada Urbana;VIA ROSINA ANSELMI;da specificare;;;;prossimità via tina di lorenzo;Veicolo in marcia contro ostacolo accidentale;Rettilineo;Una carreggiata a senso unico di marcia;Asciutto;Asfaltata;Assente;Sereno;Intenso;Insufficiente;Ore Diurne;0;0;0;2;12.53041;41.96692;-1;1;Motociclo con passeggero;In marcia / fermata / arresto;Passeggero;F;Illeso;0;;Non accertato;
2162207;4;05/10/2014 17:55;Provinciale;VIA NOMENTANA;da specificare;;;;cavalcavia GRA;Tamponamento;Cavalcavia;Una carreggiata a doppio senso;Asciutto;Asfaltata;Verticale ed orizzontale;Sereno;Normale;Buona;Ore Diurne;0;0;0;2;12.58026;41.95765;-1;1;Autovettura privata;In marcia / fermata / arresto;Conducente;M;Illeso;0;;Non accertato;
2162207;4;05/10/2014 17:55;Provinciale;VIA NOMENTANA;da specificare;;;;cavalcavia GRA;Tamponamento;Cavalcavia;Una carreggiata a doppio senso;Asciutto;Asfaltata;Verticale ed orizzontale;Sereno;Normale;Buona;Ore Diurne;0;0;0;2;12.58026;41.95765;-1;1;Autovettura privata;In marcia / fermata / arresto;Passeggero;F;Illeso;0;;Non accertato;
2162212;4;05/10/2014 11:30;Strada Urbana;VIA DELLA CESARINA;da specificare;;;;A M 700 CIRCA DOPO IL CIVICO 212;Veicolo in marcia contro ostacolo accidentale;Rettilineo;Una carreggiata a doppio senso;Asciutto;Asfaltata;Assente;Sereno;Scarso;Buona;Ore Diurne;1;0;0;0;12.58389;41.95927;-1;1;Velocipede;In marcia / fermata / arresto;Conducente;M;Rimandato;0;NON DECEDUTO;Esente;
2162217;4;05/10/2014 04:00;Strada Urbana;VIA VILLA DI FAONTE;in prossimità;;del civico n.;86;;Veicolo in marcia contro veicolo in sosta;Rettilineo;Una carreggiata a doppio senso;Asciutto;Asfaltata;Verticale ed orizzontale;Sereno;Scarso;Buona;Sufficiente;0;0;0;1;12.53825;41.9497;-1;2;Autovettura privata;In marcia / fermata / arresto;Conducente;M;Illeso;0;;;
2162223;4;05/10/2014 13:30;Strada Urbana;VIA SALARIA;in corrispondenza;;del civico n.;691;;Tamponamento Multiplo;Rettilineo;Due carreggiate;Asciutto;Asfaltata;Orizzontale;Sereno;Normale;Buona;Ore Diurne;3;0;0;1;12.50738;41.94234;-1;1;Autovettura privata;In marcia / fermata / arresto;Conducente;M;Rifiuta cure immediate;0;NON DECEDUTO;Non accertato;Inesploso
2162223;4;05/10/2014 13:30;Strada Urbana;VIA SALARIA;in corrispondenza;;del civico n.;691;;Tamponamento Multiplo;Rettilineo;Due carreggiate;Asciutto;Asfaltata;Orizzontale;Sereno;Normale;Buona;Ore Diurne;3;0;0;1;12.50738;41.94234;-1;1;Autovettura privata;In marcia / fermata / arresto;Passeggero;F;Rifiuta cure immediate;0;NON DECEDUTO;Non accertato;Inesploso
2162223;4;05/10/2014 13:30;Strada Urbana;VIA SALARIA;in corrispondenza;;del civico n.;691;;Tamponamento Multiplo;Rettilineo;Due carreggiate;Asciutto;Asfaltata;Orizzontale;Sereno;Normale;Buona;Ore Diurne;3;0;0;1;12.50738;41.94234;-1;2;Autovettura privata;In marcia / fermata / arresto;Conducente;M;Illeso;0;;Non accertato;Esploso
2162223;4;05/10/2014 13:30;Strada Urbana;VIA SALARIA;in corrispondenza;;del civico n.;691;;Tamponamento Multiplo;Rettilineo;Due carreggiate;Asciutto;Asfaltata;Orizzontale;Sereno;Normale;Buona;Ore Diurne;3;0;0;1;12.50738;41.94234;-1;3;Autovettura privata;In marcia / fermata / arresto;Conducente;F;Rimandato;0;NON DECEDUTO;Non accertato;Inesploso
2162227;1;05/10/2014 18:45;Strada Urbana;PIAZZA DI S. MARIA LIBERATRICE;in prossimità;;del civico n.;39;;Investimento di pedone;Rettilineo;Una carreggiata a senso unico di marcia;Asciutto;Asfaltata;Verticale ed orizzontale;Sereno;Scarso;Buona;Ore Diurne;2;0;0;0;12.47579;41.88065;-1;;;;Pedone;M;Rimandato;0;NON DECEDUTO;;
2162227;1;05/10/2014 18:45;Strada Urbana;PIAZZA DI S. MARIA LIBERATRICE;in prossimità;;del civico n.;39;;Investimento di pedone;Rettilineo;Una carreggiata a senso unico di marcia;Asciutto;Asfaltata;Verticale ed orizzontale;Sereno;Scarso;Buona;Ore Diurne;2;0;0;0;12.47579;41.88065;-1;1;Motociclo a solo;In marcia / fermata / arresto;Conducente;F;Rimandato;0;NON DECEDUTO;;
2162233;19;06/10/2014 09:20;Strada Urbana;VIA TRIONFALE;da specificare;;;;prossimità via ACCUMOLI;Tamponamento Multiplo;Curva a visuale libera;Una carreggiata a senso unico di marcia;Asciutto;Asfaltata;Orizzontale;Sereno;Normale;Buona;Ore Diurne;0;0;0;2;12.40955;41.96758;-1;1;Autovettura privata;In marcia / fermata / arresto;Conducente;M;Illeso;0;;Non accertato;Inesploso
2162233;19;06/10/2014 09:20;Strada Urbana;VIA TRIONFALE;da specificare;;;;prossimità via ACCUMOLI;Tamponamento Multiplo;Curva a visuale libera;Una carreggiata a senso unico di marcia;Asciutto;Asfaltata;Orizzontale;Sereno;Normale;Buona;Ore Diurne;0;0;0;2;12.40955;41.96758;-1;2;Autovettura privata;In marcia / fermata / arresto;Conducente;M;Illeso;0;;Non accertato;Esploso
2162234;18;04/10/2014 12:30;Strada Urbana;VIA DI BOCCEA;in prossimità;;del civico n.;325;;Scontro laterale fra veicoli in marcia;Rettilineo;Due carreggiate;Asciutto;Asfaltata;Verticale ed orizzontale;Sereno;Normale;Buona;Ore Diurne;0;0;0;6;12.40975;41.90417;-1;1;Autovettura privata;In marcia / fermata / arresto;Passeggero;F;Illeso;0;;Non accertato;Inesistente
2162234;18;04/10/2014 12:30;Strada Urbana;VIA DI BOCCEA;in prossimità;;del civico n.;325;;Scontro laterale fra veicoli in marcia;Rettilineo;Due carreggiate;Asciutto;Asfaltata;Verticale ed orizzontale;Sereno;Normale;Buona;Ore Diurne;0;0;0;6;12.40975;41.90417;-1;1;Autovettura privata;In marcia / fermata / arresto;Conducente;M;Illeso;0;;Non accertato;Inesploso
2162234;18;04/10/2014 12:30;Strada Urbana;VIA DI BOCCEA;in prossimità;;del civico n.;325;;Scontro laterale fra veicoli in marcia;Rettilineo;Due carreggiate;Asciutto;Asfaltata;Verticale ed orizzontale;Sereno;Normale;Buona;Ore Diurne;0;0;0;6;12.40975;41.90417;-1;1;Autovettura privata;In marcia / fermata / arresto;Passeggero;M;Illeso;0;;Non accertato;Inesploso