Protocollo;Gruppo;DataOraIncidente;Localizzazione1;STRADA1;Localizzazione2;STRADA2;Strada02;Chilometrica;DaSpecificare;NaturaIncidente;particolaritastrade;TipoStrada;FondoStradale;Pavimentazione;Segnaletica;CondizioneAtmosferica;Traffico;Visibilita;Illuminazione;NUM_FERITI;NUM_RISERVATA;NUM_MORTI;NUM_ILLESI;Longitudine;Latitudine;Confermato;Progressivo;TipoVeicolo;StatoVeicolo;TipoPersona;Sesso;Tipolesione;Deceduto;DecedutoDopo;CinturaCascoUtilizzato;Airbag
2173648;8;17/10/2014 22:30;Strada Urbana;VIA DI PASSOLOMBARDO;all'intersezione con;VIA BOTTE DI LUCIANO;VIA BOTTE DI LUCIANO;;;Scontro frontale/laterale SX fra veicoli in marcia;Incrocio;Una carreggiata a doppio senso;Asciutto;Asfaltata;Verticale;Sereno;Normale;Buona;Insufficiente;0;0;0;5;12.63303;41.83687;-1;1;Autovettura privata;In marcia / fermata / arresto;Conducente;M;Illeso;0;;Non accertato;Inesploso
2173648;8;17/10/2014 22:30;Strada Urbana;VIA DI PASSOLOMBARDO;all'intersezione con;VIA BOTTE DI LUCIANO;VIA BOTTE DI LUCIANO;;;Scontro frontale/laterale SX fra veicoli in marcia;Incrocio;Una carreggiata a doppio senso;Asciutto;Asfaltata;Verticale;Sereno;Normale;Buona;Insufficiente;0;0;0;5;12.63303;41.83687;-1;1;Autovettura privata;In marcia / fermata / arresto;Passeggero;F;Illeso;0;;Non accertato;Inesploso
2173648;8;17/10/2014 22:30;Strada Urbana;VIA DI PASSOLOMBARDO;all'intersezione con;VIA BOTTE DI LUCIANO;VIA BOTTE DI LUCIANO;;;Scontro frontale/laterale SX fra veicoli in marcia;Incrocio;Una carreggiata a doppio senso;Asciutto;Asfaltata;Verticale;Sereno;Normale;Buona;Insufficiente;0;0;0;5;12.63303;41.83687;-1;1;Autovettura privata;In marcia / fermata / arresto;Passeggero;F;Illeso;0;;Non accertato;Inesploso
2173648;8;17/10/2014 22:30;Strada Urbana;VIA DI PASSOLOMBARDO;all'intersezione con;VIA BOTTE DI LUCIANO;VIA BOTTE DI LUCIANO;;;Scontro frontale/laterale SX fra veicoli in marcia;Incrocio;Una carreggiata a doppio senso;Asciutto;Asfaltata;Verticale;Sereno;Normale;Buona;Insufficiente;0;0;0;5;12.63303;41.83687;-1;2;Motociclo a solo;In marcia / fermata / arresto;Conducente;M;Illeso;0;;Utilizzato;
2173649;7;17/10/2014 13:30;Strada Urbana;VIALE PALMIRO TOGLIATTI;da specificare;;;;prossimità viale dei Romanisti;Tamponamento Multiplo;Rettilineo;Due carreggiate;Asciutto;Asfaltata;Verticale ed orizzontale;Sereno;Normale;Buona;Ore Diurne;1;0;0;3;12.56837;41.8698;-1;1;Autovettura privata;In marcia / fermata / arresto;Conducente;M;Illeso;0;;Non accertato;Esploso
2173649;7;17/10/2014 13:30;Strada Urbana;VIALE PALMIRO TOGLIATTI;da specificare;;;;prossimità viale dei Romanisti;Tamponamento Multiplo;Rettilineo;Due carreggiate;Asciutto;Asfaltata;Verticale ed orizzontale;Sereno;Normale;Buona;Ore Diurne;1;0;0;3;12.56837;41.8698;-1;2;Autovettura privata;In marcia / fermata / arresto;Conducente;M;Illeso;0;;Non accertato;Inesploso
2173649;7;17/10/2014 13:30;Strada Urbana;VIALE PALMIRO TOGLIATTI;da specificare;;;;prossimità viale dei Romanisti;Tamponamento Multiplo;Rettilineo;Due carreggiate;Asciutto;Asfaltata;Verticale ed orizzontale;Sereno;Normale;Buona;Ore Diurne;1;0;0;3;12.56837;41.8698;-1;2;Autovettura privata;In marcia / fermata / arresto;Passeggero;F;Rimandato;0;NON DECEDUTO;Non accertato;Inesploso
2173649;7;17/10/2014 13:30;Strada Urbana;VIALE PALMIRO TOGLIATTI;da specificare;;;;prossimità viale dei Romanisti;Tamponamento Multiplo;Rettilineo;Due carreggiate;Asciutto;Asfaltata;Verticale ed orizzontale;Sereno;Normale;Buona;Ore Diurne;1;0;0;3;12.56837;41.8698;-1;3;Autovettura privata;In marcia / fermata / arresto;Conducente;M;Illeso;0;;Non accertato;Inesploso
2173655;13;17/10/2014 09:30;Strada Urbana;VIA DEL MARE;all'intersezione con;VIA DELLE CANARIE;VIA DELLE CANARIE;;;Tamponamento Multiplo;Intersezione semaforizzata;Una carreggiata a doppio senso;Asciutto;Asfaltata;Verticale ed orizzontale;Sereno;Normale;Buona;Ore Diurne;0;0;0;10;12.28248;41.73906;-1;1;Autovettura privata;In marcia / fermata / arresto;Conducente;F;Illeso;0;;Non accertato;Inesploso
2173655;13;17/10/2014 09:30;Strada Urbana;VIA DEL MARE;all'intersezione con;VIA DELLE CANARIE;VIA DELLE CANARIE;;;Tamponamento Multiplo;Intersezione semaforizzata;Una carreggiata a doppio senso;Asciutto;Asfaltata;Verticale ed orizzontale;Sereno;Normale;Buona;Ore Diurne;0;0;0;10;12.28248;41.73906;-1;1;Autovettura privata;In marcia / fermata / arresto;Passeggero;F;Illeso;0;;Non accertato;Inesploso
2173655;13;17/10/2014 09:30;Strada Urbana;VIA DEL MARE;all'intersezione con;VIA DELLE CANARIE;VIA DELLE CANARIE;;;Tamponamento Multiplo;Intersezione semaforizzata;Una carreggiata a doppio senso;Asciutto;Asfaltata;Verticale ed orizzontale;Sereno;Normale;Buona;Ore Diurne;0;0;0;10;12.28248;41.73906;-1;2;Autovettura privata;In marcia / fermata / arresto;Conducente;M;Illeso;0;;Non accertato;Inesploso
2173655;13;17/10/2014 09:30;Strada Urbana;VIA DEL MARE;all'intersezione con;VIA DELLE CANARIE;VIA DELLE CANARIE;;;Tamponamento Multiplo;Intersezione semaforizzata;Una carreggiata a doppio senso;Asciutto;Asfaltata;Verticale ed orizzontale;Sereno;Normale;Buona;Ore Diurne;0;0;0;10;12.28248;41.73906;-1;2;Autovettura privata;In marcia / fermata / arresto;Passeggero;F;Illeso;0;;Non accertato;Inesploso
2173655;13;17/10/2014 09:30;Strada Urbana;VIA DEL MARE;all'intersezione con;VIA DELLE CANARIE;VIA DELLE CANARIE;;;Tamponamento Multiplo;Intersezione semaforizzata;Una carreggiata a doppio senso;Asciutto;Asfaltata;Verticale ed orizzontale;Sereno;Normale;Buona;Ore Diurne;0;0;0;10;12.28248;41.73906;-1;2;Autovettura privata;In marcia / fermata / arresto;Passeggero;F;Illeso;0;;Non accertato;Inesploso
2173655;13;17/10/2014 09:30;Strada Urbana;VIA DEL MARE;all'intersezione con;VIA DELLE CANARIE;VIA DELLE CANARIE;;;Tamponamento Multiplo;Intersezione semaforizzata;Una carreggiata a doppio senso;Asciutto;Asfaltata;Verticale ed orizzontale;Sereno;Normale;Buona;Ore Diurne;0;0;0;10;12.28248;41.73906;-1;3;Autovettura privata;In marcia / fermata / arresto;Conducente;M;Illeso;0;;Non accertato;Inesploso
2173655;13;17/10/2014 09:30;Strada Urbana;VIA DEL MARE;all'intersezione con;VIA DELLE CANARIE;VIA DELLE CANARIE;;;Tamponamento Multiplo;Intersezione semaforizzata;Una carreggiata a doppio senso;Asciutto;Asfaltata;Verticale ed orizzontale;Sereno;Normale;Buona;Ore Diurne;0;0;0;10;12.28248;41.73906;-1;3;Autovettura privata;In marcia / fermata / arresto;Passeggero;M;Illeso;0;;Non accertato;Inesploso
2173655;13;17/10/2014 09:30;Strada Urbana;VIA DEL MARE;all'intersezione con;VIA DELLE CANARIE;VIA DELLE CANARIE;;;Tamponamento Multiplo;Intersezione semaforizzata;Una carreggiata a doppio senso;Asciutto;Asfaltata;Verticale ed orizzontale;Sereno;Normale;Buona;Ore Diurne;0;0;0;10;12.28248;41.73906;-1;4;Autovettura privata;In marcia / fermata / arresto;Conducente;M;Illeso;0;;Non accertato;Esploso
2173655;13;17/10/2014 09:30;Strada Urbana;VIA DEL MARE;all'intersezione con;VIA DELLE CANARIE;VIA DELLE CANARIE;;;Tamponamento Multiplo;Intersezione semaforizzata;Una carreggiata a doppio senso;Asciutto;Asfaltata;Verticale ed orizzontale;Sereno;Normale;Buona;Ore Diurne;0;0;0;10;12.28248;41.73906;-1;5;Autovettura privata;In marcia / fermata / arresto;Conducente;F;Illeso;0;;Non accertato;Inesploso
2173657;13;17/10/2014 16:00;Strada Urbana;VIA ERMANNO CARLOTTO;all'intersezione con;VIA ANGELO OLIVIERI;VIA ANGELO OLIVIERI;;;Scontro frontale/laterale SX fra veicoli in marcia;Incrocio;Due carreggiate;Asciutto;Asfaltata;Verticale;Sereno;Normale;Buona;Ore Diurne;0;0;0;2;12.28892;41.73274;-1;1;Autovettura privata;In marcia / fermata / arresto;Conducente;M;Illeso;0;;Non accertato;Inesploso
2173657;13;17/10/2014 16:00;Strada Urbana;VIA ERMANNO CARLOTTO;all'intersezione con;VIA ANGELO OLIVIERI;VIA ANGELO OLIVIERI;;;Scontro frontale/laterale SX fra veicoli in marcia;Incrocio;Due carreggiate;Asciutto;Asfaltata;Verticale;Sereno;Normale;Buona;Ore Diurne;0;0;0;2;12.28892;41.73274;-1;2;Autovettura privata;In marcia / fermata / arresto;Conducente;M;Illeso;0;;Non accertato;Inesploso
2173668;16;17/10/2014 20:30;Strada Urbana;VIA ETTORE ROLLI;da specificare;;;;fronte civico 53;Scontro frontale fra veicoli in marcia;Rettilineo;Una carreggiata a doppio senso;Asciutto;Asfaltata;Verticale ed orizzontale;Sereno;Normale;Buona;Sufficiente;2;0;0;1;12.46761;41.87428;-1;1;Motociclo con passeggero;In marcia / fermata / arresto;Conducente;M;Rimandato;0;NON DECEDUTO;Non accertato;
2173668;16;17/10/2014 20:30;Strada Urbana;VIA ETTORE ROLLI;da specificare;;;;fronte civico 53;Scontro frontale fra veicoli in marcia;Rettilineo;Una carreggiata a doppio senso;Asciutto;Asfaltata;Verticale ed orizzontale;Sereno;Normale;Buona;Sufficiente;2;0;0;1;12.46761;41.87428;-1;1;Motociclo con passeggero;In marcia / fermata / arresto;Passeggero;F;Rimandato;0;NON DECEDUTO;;
2173668;16;17/10/2014 20:30;Strada Urbana;VIA ETTORE ROLLI;da specificare;;;;fronte civico 53;Scontro frontale fra veicoli in marcia;Rettilineo;Una carreggiata a doppio senso;Asciutto;Asfaltata;Verticale ed orizzontale;Sereno;Normale;Buona;Sufficiente;2;0;0;1;12.46761;41.87428;-1;2;Autovettura privata;In marcia / fermata / arresto;Conducente;M;Illeso;0;;Non accertato;
2173670;19;17/10/2014 17:00;Strada Urbana;LARGO GIORGIO MACCAGNO;da specificare;;;;fronte civ. 21;Veicolo in marcia contro veicolo in sosta;Rettilineo;Una carreggiata a senso unico di marcia;Asciutto;Asfaltata;Assente;Nuvoloso;Normale;Buona;Ore Diurne;0;0;0;1;12.43885;41.91641;-1;1;Autovettura privata;In marcia / fermata / arresto;Conducente;F;Illeso;0;;;
2173674;13;17/10/2014 16:25;Strada Urbana;VIA CESARE MACCARI;all'intersezione con;VIA TELEMACO SIGNORINI;VIA TELEMACO SIGNORINI;;;Scontro frontale/laterale DX fra veicoli in marcia;Incrocio;Una carreggiata a doppio senso;Asciutto;Asfaltata;Verticale ed orizzontale;Sereno;Scarso;Buona;Ore Diurne;2;0;0;2;12.35682;41.77564;-1;1;Autovettura privata;In marcia / fermata / arresto;Conducente;F;Illeso;0;;Non accertato;Inesploso
2173674;13;17/10/2014 16:25;Strada Urbana;VIA CESARE MACCARI;all'intersezione con;VIA TELEMACO SIGNORINI;VIA TELEMACO SIGNORINI;;;Scontro frontale/laterale DX fra veicoli in marcia;Incrocio;Una carreggiata a doppio senso;Asciutto;Asfaltata;Verticale ed orizzontale;Sereno;Scarso;Buona;Ore Diurne;2;0;0;2;12.35682;41.77564;-1;2;Autovettura privata;In marcia / fermata / arresto;Conducente;M;Illeso;0;;Non accertato;Inesploso
2173674;13;17/10/2014 16:25;Strada Urbana;VIA CESARE MACCARI;all'intersezione con;VIA TELEMACO SIGNORINI;VIA TELEMACO SIGNORINI;;;Scontro frontale/laterale DX fra veicoli in marcia;Incrocio;Una carreggiata a doppio senso;Asciutto;Asfaltata;Verticale ed orizzontale;Sereno;Scarso;Buona;Ore Diurne;2;0;0;2;12.35682;41.77564;-1;2;Autovettura privata;In marcia / fermata / arresto;Passeggero;F;Rimandato;0;NON DECEDUTO;Non accertato;Inesploso
2173674;13;17/10/2014 16:25;Strada Urbana;VIA CESARE MACCARI;all'intersezione con;VIA TELEMACO SIGNORINI;VIA TELEMACO SIGNORINI;;;Scontro frontale/laterale DX fra veicoli in marcia;Incrocio;Una carreggiata a doppio senso;Asciutto;Asfaltata;Verticale ed orizzontale;Sereno;Scarso;Buona;Ore Diurne;2;0;0;2;12.35682;41.77564;-1;2;Autovettura privata;In marcia / fermata / arresto;Passeggero;F;Rimandato;0;NON DECEDUTO;Non accertato;Inesploso
2173681;7;17/10/2014 21:00;Strada Urbana;VIA FRANCESCO VITALINI;da specificare;;;;prossimità civ. 6 - corrispondenza palo luce 25;Veicolo in marcia contro veicolo in sosta;Rettilineo;Una carreggiata a senso unico di marcia;Asciutto;Asfaltata;Orizzontale;Sereno;Scarso;Buona;Sufficiente;0;0;0;1;12.61368;41.90809;-1;1;Autovettura privata;In marcia / fermata / arresto;Conducente;F;Illeso;0;;Non accertato;Inesploso
2173729;7;18/10/2014 02:50;Strada Urbana;VIALE PALMIRO TOGLIATTI;all'intersezione semaforizzata con;VIALE DEI ROMANISTI;VIALE DEI ROMANISTI;;;Tamponamento;Intersezione semaforizzata;Due carreggiate;Asciutto;Asfaltata;Verticale ed orizzontale;Sereno;Scarso;Sufficiente;Insufficiente;2;0;0;3;12.56835;41.86952;-1;1;Autovettura privata;In marcia / fermata / arresto;Conducente;M;Rimandato;0;NON DECEDUTO;Non accertato;Inesploso
2173729;7;18/10/2014 02:50;Strada Urbana;VIALE PALMIRO TOGLIATTI;all'intersezione semaforizzata con;VIALE DEI ROMANISTI;VIALE DEI ROMANISTI;;;Tamponamento;Intersezione semaforizzata;Due carreggiate;Asciutto;Asfaltata;Verticale ed orizzontale;Sereno;Scarso;Sufficiente;Insufficiente;2;0;0;3;12.56835;41.86952;-1;1;Autovettura privata;In marcia / fermata / arresto;Passeggero;F;Illeso;0;;Non accertato;Inesploso
2173729;7;18/10/2014 02:50;Strada Urbana;VIALE PALMIRO TOGLIATTI;all'intersezione semaforizzata con;VIALE DEI ROMANISTI;VIALE DEI ROMANISTI;;;Tamponamento;Intersezione semaforizzata;Due carreggiate;Asciutto;Asfaltata;Verticale ed orizzontale;Sereno;Scarso;Sufficiente;Insufficiente;2;0;0;3;12.56835;41.86952;-1;1;Autovettura privata;In marcia / fermata / arresto;Passeggero;M;Illeso;0;;Non accertato;Inesploso
2173729;7;18/10/2014 02:50;Strada Urbana;VIALE PALMIRO TOGLIATTI;all'intersezione semaforizzata con;VIALE DEI ROMANISTI;VIALE DEI ROMANISTI;;;Tamponamento;Intersezione semaforizzata;Due carreggiate;Asciutto;Asfaltata;Verticale ed orizzontale;Sereno;Scarso;Sufficiente;Insufficiente;2;0;0;3;12.56835;41.86952;-1;2;Autovettura privata;In marcia / fermata / arresto;Conducente;M;Rifiuta cure immediate;0;NON DECEDUTO;Non accertato;Inesploso
2173729;7;18/10/2014 02:50;Strada Urbana;VIALE PALMIRO TOGLIATTI;all'intersezione semaforizzata con;VIALE DEI ROMANISTI;VIALE DEI ROMANISTI;;;Tamponamento;Intersezione semaforizzata;Due carreggiate;Asciutto;Asfaltata;Verticale ed orizzontale;Sereno;Scarso;Sufficiente;Insufficiente;2;0;0;3;12.56835;41.86952;-1;2;Autovettura privata;In marcia / fermata / arresto;Passeggero;M;Illeso;0;;Non accertato;Inesploso
2173750;19;18/10/2014 09:00;Strada Urbana;VIA MAGNAGO;in corrispondenza;;del civico n.;29;;Veicolo in marcia contro veicolo in sosta;Rettilineo;Una carreggiata a senso unico di marcia;Asciutto;Asfaltata;Assente;Sereno;Normale;Buona;Ore Diurne;0;0;0;3;12.39004;41.946;-1;1;Autovettura privata;In marcia / fermata / arresto;Conducente;M;Illeso;0;;Non accertato;Inesploso
2173750;19;18/10/2014 09:00;Strada Urbana;VIA MAGNAGO;in corrispondenza;;del civico n.;29;;Veicolo in marcia contro veicolo in sosta;Rettilineo;Una carreggiata a senso unico di marcia;Asciutto;Asfaltata;Assente;Sereno;Normale;Buona;Ore Diurne;0;0;0;3;12.39004;41.946;-1;2;Autovettura privata;Sosta;Passeggero;F;Illeso;0;;Non accertato;Inesploso
2173750;19;18/10/2014 09:00;Strada Urbana;VIA MAGNAGO;in corrispondenza;;del civico n.;29;;Veicolo in marcia contro veicolo in sosta;Rettilineo;Una carreggiata a senso unico di marcia;Asciutto;Asfaltata;Assente;Sereno;Normale;Buona;Ore Diurne;0;0;0;3;12.39004;41.946;-1;2;Autovettura privata;Sosta;Passeggero;F;Illeso;0;;Non accertato;Inesploso
2173870;20;18/10/2014 11:00;Strada Urbana;VIA ANTONIO SERRA;in prossimità;;del civico n.;31;;Veicolo in marcia contro veicolo in sosta;Rettilineo;Una carreggiata a senso unico di marcia;Asciutto;Asfaltata;Orizzontale;Sereno;Normale;Buona;Ore Diurne;0;0;0;1;12.47317;41.94327;-1;1;Autovettura privata;In marcia / fermata / arresto;Conducente;F;Illeso;0;;;
2173871;23;17/10/2014 16:30;Strada Urbana;VIA APPIA NUOVA;all'intersezione con;VIA ETRURIA;VIA ETRURIA;;;Veicolo in marcia contro veicolo fermo;Incrocio;Più di due carreggiate;Asciutto;Asfaltata;Verticale ed orizzontale;Nuvoloso;Intenso;Buona;Ore Diurne;0;0;0;2;12.55156;41.83678;-1;1;Autovettura privata;In marcia / fermata / arresto;Conducente;F;Illeso;0;;Utilizzato;Inesploso
2173871;23;17/10/2014 16:30;Strada Urbana;VIA APPIA NUOVA;all'intersezione con;VIA ETRURIA;VIA ETRURIA;;;Veicolo in marcia contro veicolo fermo;Incrocio;Più di due carreggiate;Asciutto;Asfaltata;Verticale ed orizzontale;Nuvoloso;Intenso;Buona;Ore Diurne;0;0;0;2;12.55156;41.83678;-1;2;Autovettura privata;In marcia / fermata / arresto;Conducente;M;Illeso;0;;Utilizzato;Inesploso
2173877;23;17/10/2014 17:00;Comunale extraurbana;VIA CRISTOFORO COLOMBO;all'intersezione con;VIA DI CASAL PALOCCO;VIA DI CASAL PALOCCO;;;Scontro frontale/laterale DX fra veicoli in marcia;Intersezione semaforizzata;Più di due carreggiate;Asciutto;Asfaltata;Verticale ed orizzontale;Nebbia;Normale;Buona;Ore Diurne;0;0;0;3;12.43204;41.7931;-1;1;Autovettura privata;In marcia / fermata / arresto;Conducente;M;Illeso;0;;Non accertato;Inesploso
2173877;23;17/10/2014 17:00;Comunale extraurbana;VIA CRISTOFORO COLOMBO;all'intersezione con;VIA DI CASAL PALOCCO;VIA DI CASAL PALOCCO;;;Scontro frontale/laterale DX fra veicoli in marcia;Intersezione semaforizzata;Più di due carreggiate;Asciutto;Asfaltata;Verticale ed orizzontale;Nebbia;Normale;Buona;Ore Diurne;0;0;0;3;12.43204;41.7931;-1;2;Autovettura privata;In marcia / fermata / arresto;Conducente;M;Illeso;0;;Non accertato;Inesploso
2173877;23;17/10/2014 17:00;Comunale extraurbana;VIA CRISTOFORO COLOMBO;all'intersezione con;VIA DI CASAL PALOCCO;VIA DI CASAL PALOCCO;;;Scontro frontale/laterale DX fra veicoli in marcia;Intersezione semaforizzata;Più di due carreggiate;Asciutto;Asfaltata;Verticale ed orizzontale;Nebbia;Normale;Buona;Ore Diurne;0;0;0;3;12.43204;41.7931;-1;2;Autovettura privata;In marcia / fermata / arresto;Passeggero;F;Illeso;0;;Non accertato;Inesploso
2173892;23;17/10/2014 14:45;Strada Urbana;VIA APPIA NUOVA;in prossimità;;del civico n.;394;;Veicolo in marcia contro ostacolo accidentale;Rettilineo;Due carreggiate;Asciutto;Asfaltata;Verticale ed orizzontale;Nuvoloso;Intenso;Buona;Ore Diurne;1;0;0;0;12.55156;41.83678;-1;1;Motociclo a solo;In marcia / fermata / arresto;Conducente;M;Rifiuta cure immediate;0;NON DECEDUTO;Utilizzato;
2173900;23;17/10/2014 14:45;Strada Urbana;VIA APPIA NUOVA;all'intersezione con;VIA GINO CAPPONI;VIA GINO CAPPONI;;;Infortunio per caduta del veicolo;Incrocio;Due carreggiate;Asciutto;Asfaltata;Verticale ed orizzontale;Nuvoloso;Intenso;Buona;Ore Diurne;1;0;0;0;12.55156;41.83678;-1;1;Motociclo a solo;In marcia / fermata / arresto;Conducente;M;Rifiuta cure immediate;0;NON DECEDUTO;Utilizzato;
2173906;19;18/10/2014 12:10;Strada Urbana;VIA DELLA BALDUINA;in corrispondenza;;del civico n.;181;;Tamponamento Multiplo;Rettilineo;Una carreggiata a doppio senso;Asciutto;Asfaltata;Verticale ed orizzontale;Sereno;Normale;Buona;Ore Diurne;1;0;0;4;12.43812;41.92204;-1;1;Autovettura privata;In marcia / fermata / arresto;Conducente;M;Illeso;0;;Non accertato;Inesploso
2173906;19;18/10/2014 12:10;Strada Urbana;VIA DELLA BALDUINA;in corrispondenza;;del civico n.;181;;Tamponamento Multiplo;Rettilineo;Una carreggiata a doppio senso;Asciutto;Asfaltata;Verticale ed orizzontale;Sereno;Normale;Buona;Ore Diurne;1;0;0;4;12.43812;41.92204;-1;1;Autovettura privata;In marcia / fermata / arresto;Passeggero;F;Rimandato;0;NON DECEDUTO;Non accertato;Inesploso
2173906;19;18/10/2014 12:10;Strada Urbana;VIA DELLA BALDUINA;in corrispondenza;;del civico n.;181;;Tamponamento Multiplo;Rettilineo;Una carreggiata a doppio senso;Asciutto;Asfaltata;Verticale ed orizzontale;Sereno;Normale;Buona;Ore Diurne;1;0;0;4;12.43812;41.92204;-1;2;Autovettura privata;In marcia / fermata / arresto;Conducente;M;Illeso;0;;Non accertato;Inesploso
2173906;19;18/10/2014 12:10;Strada Urbana;VIA DELLA BALDUINA;in corrispondenza;;del civico n.;181;;Tamponamento Multiplo;Rettilineo;Una carreggiata a doppio senso;Asciutto;Asfaltata;Verticale ed orizzontale;Sereno;Normale;Buona;Ore Diurne;1;0;0;4;12.43812;41.92204;-1;3;Altro;In marcia / fermata / arresto;Conducente;M;Illeso;0;;Non accertato;Inesistente
2173906;19;18/10/2014 12:10;Strada Urbana;VIA DELLA BALDUINA;in corrispondenza;;del civico n.;181;;Tamponamento Multiplo;Rettilineo;Una carreggiata a doppio senso;Asciutto;Asfaltata;Verticale ed orizzontale;Sereno;Normale;Buona;Ore Diurne;1;0;0;4;12.43812;41.92204;-1;3;Altro;In marcia / fermata / arresto;Passeggero;M;Illeso;0;;Non accertato;Inesistente
2173908;23;17/10/2014 18:10;Strada Urbana;VIA DELLE BALENIERE;all'intersezione con;VIA DELLE ANTILLE;VIA DELLE ANTILLE;;;Scontro frontale/laterale DX fra veicoli in marcia;Intersezione stradale segnalata;Una carreggiata a doppio senso;Asciutto;Asfaltata;Verticale ed orizzontale;Sereno;Normale;Buona;Sufficiente;2;0;0;1;12.27925;41.73772;-1;1;Autovettura privata;In marcia / fermata / arresto;Conducente;M;Illeso;0;;Non accertato;Inesploso
2173908;23;17/10/2014 18:10;Strada Urbana;VIA DELLE BALENIERE;all'intersezione con;VIA DELLE ANTILLE;VIA DELLE ANTILLE;;;Scontro frontale/laterale DX fra veicoli in marcia;Intersezione stradale segnalata;Una carreggiata a doppio senso;Asciutto;Asfaltata;Verticale ed orizzontale;Sereno;Normale;Buona;Sufficiente;2;0;0;1;12.27925;41.73772;-1;2;Autovettura di polizia;In marcia / fermata / arresto;Conducente;F;Rimandato;0;NON DECEDUTO;Non accertato;Inesploso
2173908;23;17/10/2014 18:10;Strada Urbana;VIA DELLE BALENIERE;all'intersezione con;VIA DELLE ANTILLE;VIA DELLE ANTILLE;;;Scontro frontale/laterale DX fra veicoli in marcia;Intersezione stradale segnalata;Una carreggiata a doppio senso;Asciutto;Asfaltata;Verticale ed orizzontale;Sereno;Normale;Buona;Sufficiente;2;0;0;1;12.27925;41.73772;-1;2;Autovettura di polizia;In marcia / fermata / arresto;Passeggero;F;Rifiuta cure immediate;0;NON DECEDUTO;Non accertato;Inesploso
2173927;2;17/10/2014 19:30;Strada Urbana;VIA ANTONIO VIVALDI;in corrispondenza;;del civico n.;17;;Veicolo in marcia contro veicoli in sosta;Rettilineo;Una carreggiata a senso unico di marcia;Asciutto;Asfaltata;Assente;Sereno;Normale;Buona;Sufficiente;0;0;0;1;12.5116;41.93616;-1;3;Autovettura privata;In marcia / fermata / arresto;Conducente;F;Illeso;0;;Non accertato;Inesploso
2173953;12;18/10/2014 12:15;Strada Urbana;VIALE DELL'ARTE;all'intersezione con;VIALE DELLA CIVILTA' ROMANA;VIALE DELLA CIVILTA' ROMANA;;;Scontro frontale/laterale DX fra veicoli in marcia;Incrocio;Una carreggiata a doppio senso;Asciutto;Asfaltata;Verticale ed orizzontale;Sereno;Scarso;Buona;Ore Diurne;4;0;0;0;12.47561;41.83201;-1;1;Autovettura privata;In marcia / fermata / arresto;Conducente;F;Rimandato;0;NON DECEDUTO;Utilizzato;Inesploso
2173953;12;18/10/2014 12:15;Strada Urbana;VIALE DELL'ARTE;all'intersezione con;VIALE DELLA CIVILTA' ROMANA;VIALE DELLA CIVILTA' ROMANA;;;Scontro frontale/laterale DX fra veicoli in marcia;Incrocio;Una carreggiata a doppio senso;Asciutto;Asfaltata;Verticale ed orizzontale;Sereno;Scarso;Buona;Ore Diurne;4;0;0;0;12.47561;41.83201;-1;1;Autovettura privata;In marcia / fermata / arresto;Passeggero;M;Rimandato;0;NON DECEDUTO;Utilizzato;Inesploso
2173953;12;18/10/2014 12:15;Strada Urbana;VIALE DELL'ARTE;all'intersezione con;VIALE DELLA CIVILTA' ROMANA;VIALE DELLA CIVILTA' ROMANA;;;Scontro frontale/laterale DX fra veicoli in marcia;Incrocio;Una carreggiata a doppio senso;Asciutto;Asfaltata;Verticale ed orizzontale;Sereno;Scarso;Buona;Ore Diurne;4;0;0;0;12.47561;41.83201;-1;1;Autovettura privata;In marcia / fermata / arresto;Passeggero;M;Rimandato;0;NON DECEDUTO;Utilizzato;Inesploso
2173953;12;18/10/2014 12:15;Strada Urbana;VIALE DELL'ARTE;all'intersezione con;VIALE DELLA CIVILTA' ROMANA;VIALE DELLA CIVILTA' ROMANA;;;Scontro frontale/laterale DX fra veicoli in marcia;Incrocio;Una carreggiata a doppio senso;Asciutto;Asfaltata;Verticale ed orizzontale;Sereno;Scarso;Buona;Ore Diurne;4;0;0;0;12.47561;41.83201;-1;2;Quadriciclo leggero;In marcia / fermata / arresto;Conducente;M;Rimandato;0;NON DECEDUTO;Utilizzato;Inesploso
2173958;20;17/10/2014 21:00;Strada Urbana;VIALE DI TOR DI QUINTO;da specificare;;;;prox fr via Riano;Investimento di pedone;Rettilineo;Due carreggiate;Asciutto;Asfaltata;Verticale ed orizzontale;Sereno;Normale;Buona;Sufficiente;1;0;0;1;12.48103;41.9406;-1;;;;Pedone;F;Rimandato;0;NON DECEDUTO;;
2173958;20;17/10/2014 21:00;Strada Urbana;VIALE DI TOR DI QUINTO;da specificare;;;;prox fr via Riano;Investimento di pedone;Rettilineo;Due carreggiate;Asciutto;Asfaltata;Verticale ed orizzontale;Sereno;Normale;Buona;Sufficiente;1;0;0;1;12.48103;41.9406;-1;1;Autovettura privata;In marcia / fermata / arresto;Conducente;M;Illeso;0;;Non accertato;