Protocollo;Gruppo;DataOraIncidente;Localizzazione1;STRADA1;Localizzazione2;STRADA2;Strada02;Chilometrica;DaSpecificare;NaturaIncidente;particolaritastrade;TipoStrada;FondoStradale;Pavimentazione;Segnaletica;CondizioneAtmosferica;Traffico;Visibilita;Illuminazione;NUM_FERITI;NUM_RISERVATA;NUM_MORTI;NUM_ILLESI;Longitudine;Latitudine;Confermato;Progressivo;TipoVeicolo;StatoVeicolo;TipoPersona;Sesso;Tipolesione;Deceduto;DecedutoDopo;CinturaCascoUtilizzato;Airbag
2175157;19;17/10/2014 06:30;Strada Urbana;VIA MATTIA BATTISTINI;in corrispondenza;;del civico n.;220/L;;Investimento di pedone;Rettilineo;Una carreggiata a doppio senso;Asciutto;Asfaltata;Orizzontale;Sereno;Normale;Buona;Sufficiente;0;1;0;1;12.41843;41.9148;-1;1;Autovettura privata;In marcia / fermata / arresto;Conducente;M;Illeso;0;;Non accertato;Inesploso
2175158;7;19/10/2014 03:30;Strada Urbana;VIA CASILINA;da specificare;;;;fronte palo luce 90 (alt. Via Tor de' Schiavi);Veicolo in marcia contro ostacolo fisso;Pianeggiante;Due carreggiate;Asciutto;Asfaltata;Orizzontale;Sereno;Scarso;Buona;Sufficiente;1;1;0;0;12.56543;41.87459;-1;1;Ciclomotore;In marcia / fermata / arresto;Conducente;M;Ricoverato;0;NON DECEDUTO;Utilizzato;
2175158;7;19/10/2014 03:30;Strada Urbana;VIA CASILINA;da specificare;;;;fronte palo luce 90 (alt. Via Tor de' Schiavi);Veicolo in marcia contro ostacolo fisso;Pianeggiante;Due carreggiate;Asciutto;Asfaltata;Orizzontale;Sereno;Scarso;Buona;Sufficiente;1;1;0;0;12.56543;41.87459;-1;1;Ciclomotore;In marcia / fermata / arresto;Passeggero;F;Prognosi riservata;0;NON DECEDUTO;Utilizzato;
2175161;6;19/10/2014 14:30;Strada Urbana;VIA LATINO SILVIO;all'intersezione con;VIA DI PORTONACCIO;VIA DI PORTONACCIO;;;Tamponamento;Incrocio;Due carreggiate;Asciutto;Asfaltata;Orizzontale;Sereno;Scarso;Buona;Ore Diurne;1;0;0;2;12.54139;41.89632;-1;1;Motociclo con passeggero;In marcia / fermata / arresto;Conducente;M;Illeso;0;;Non accertato;
2175161;6;19/10/2014 14:30;Strada Urbana;VIA LATINO SILVIO;all'intersezione con;VIA DI PORTONACCIO;VIA DI PORTONACCIO;;;Tamponamento;Incrocio;Due carreggiate;Asciutto;Asfaltata;Orizzontale;Sereno;Scarso;Buona;Ore Diurne;1;0;0;2;12.54139;41.89632;-1;1;Motociclo con passeggero;In marcia / fermata / arresto;Passeggero;F;Rimandato;0;NON DECEDUTO;Non accertato;
2175161;6;19/10/2014 14:30;Strada Urbana;VIA LATINO SILVIO;all'intersezione con;VIA DI PORTONACCIO;VIA DI PORTONACCIO;;;Tamponamento;Incrocio;Due carreggiate;Asciutto;Asfaltata;Orizzontale;Sereno;Scarso;Buona;Ore Diurne;1;0;0;2;12.54139;41.89632;-1;2;Autovettura privata;In marcia / fermata / arresto;Conducente;M;Illeso;0;;Non accertato;Inesploso
2175162;8;18/10/2014 11:00;Strada Urbana;VIA GIARRE;all'intersezione con;VIA PATERNO';VIA PATERNO';;;Scontro frontale/laterale SX fra veicoli in marcia;Incrocio;Una carreggiata a senso unico alternato;Asciutto;Asfaltata;Verticale;Sereno;Scarso;Buona;Ore Diurne;1;0;0;1;12.67073;41.85758;-1;1;Autovettura privata;In marcia / fermata / arresto;Conducente;F;Rifiuta cure immediate;0;NON DECEDUTO;Non accertato;
2175162;8;18/10/2014 11:00;Strada Urbana;VIA GIARRE;all'intersezione con;VIA PATERNO';VIA PATERNO';;;Scontro frontale/laterale SX fra veicoli in marcia;Incrocio;Una carreggiata a senso unico alternato;Asciutto;Asfaltata;Verticale;Sereno;Scarso;Buona;Ore Diurne;1;0;0;1;12.67073;41.85758;-1;2;Autovettura privata;In marcia / fermata / arresto;Conducente;M;Illeso;0;;Non accertato;Esploso
2175163;11;18/10/2014 04:20;Strada Urbana;VIA CRISTOFORO COLOMBO;all'intersezione semaforizzata con;VIA COSTANTINO;VIA COSTANTINO;;;Scontro frontale/laterale SX fra veicoli in marcia;Incrocio;Più di due carreggiate;Asciutto;Asfaltata;Verticale ed orizzontale;Sereno;Scarso;Buona;Sufficiente;1;0;0;4;12.49053;41.85452;-1;1;Autovettura privata;In marcia / fermata / arresto;Conducente;M;Rifiuta cure immediate;0;NON DECEDUTO;Non accertato;
2175163;11;18/10/2014 04:20;Strada Urbana;VIA CRISTOFORO COLOMBO;all'intersezione semaforizzata con;VIA COSTANTINO;VIA COSTANTINO;;;Scontro frontale/laterale SX fra veicoli in marcia;Incrocio;Più di due carreggiate;Asciutto;Asfaltata;Verticale ed orizzontale;Sereno;Scarso;Buona;Sufficiente;1;0;0;4;12.49053;41.85452;-1;1;Autovettura privata;In marcia / fermata / arresto;Passeggero;M;Illeso;0;;Non accertato;
2175163;11;18/10/2014 04:20;Strada Urbana;VIA CRISTOFORO COLOMBO;all'intersezione semaforizzata con;VIA COSTANTINO;VIA COSTANTINO;;;Scontro frontale/laterale SX fra veicoli in marcia;Incrocio;Più di due carreggiate;Asciutto;Asfaltata;Verticale ed orizzontale;Sereno;Scarso;Buona;Sufficiente;1;0;0;4;12.49053;41.85452;-1;2;Autovettura privata;In marcia / fermata / arresto;Conducente;M;Illeso;0;;Non accertato;
2175163;11;18/10/2014 04:20;Strada Urbana;VIA CRISTOFORO COLOMBO;all'intersezione semaforizzata con;VIA COSTANTINO;VIA COSTANTINO;;;Scontro frontale/laterale SX fra veicoli in marcia;Incrocio;Più di due carreggiate;Asciutto;Asfaltata;Verticale ed orizzontale;Sereno;Scarso;Buona;Sufficiente;1;0;0;4;12.49053;41.85452;-1;2;Autovettura privata;In marcia / fermata / arresto;Passeggero;F;Illeso;0;;Non accertato;Inesploso
2175163;11;18/10/2014 04:20;Strada Urbana;VIA CRISTOFORO COLOMBO;all'intersezione semaforizzata con;VIA COSTANTINO;VIA COSTANTINO;;;Scontro frontale/laterale SX fra veicoli in marcia;Incrocio;Più di due carreggiate;Asciutto;Asfaltata;Verticale ed orizzontale;Sereno;Scarso;Buona;Sufficiente;1;0;0;4;12.49053;41.85452;-1;2;Autovettura privata;In marcia / fermata / arresto;Passeggero;F;Illeso;0;;Non accertato;Inesploso
2175164;8;18/10/2014 11:00;Statale entro l'abitato;VIA CASILINA;da specificare;;;;ALTEZZA VIA RUDERI DI TORRENOVA DIR. FUORI ROMA;Scontro laterale fra veicoli in marcia;Rettilineo;Una carreggiata a doppio senso;Asciutto;Asfaltata;Verticale ed orizzontale;Sereno;Normale;Buona;Ore Diurne;0;0;0;4;12.60933;41.86405;-1;1;Autovettura privata;In marcia / fermata / arresto;Conducente;F;Illeso;0;;Non accertato;Inesploso
2175164;8;18/10/2014 11:00;Statale entro l'abitato;VIA CASILINA;da specificare;;;;ALTEZZA VIA RUDERI DI TORRENOVA DIR. FUORI ROMA;Scontro laterale fra veicoli in marcia;Rettilineo;Una carreggiata a doppio senso;Asciutto;Asfaltata;Verticale ed orizzontale;Sereno;Normale;Buona;Ore Diurne;0;0;0;4;12.60933;41.86405;-1;1;Autovettura privata;In marcia / fermata / arresto;Passeggero;F;Illeso;0;;Non accertato;Inesploso
2175164;8;18/10/2014 11:00;Statale entro l'abitato;VIA CASILINA;da specificare;;;;ALTEZZA VIA RUDERI DI TORRENOVA DIR. FUORI ROMA;Scontro laterale fra veicoli in marcia;Rettilineo;Una carreggiata a doppio senso;Asciutto;Asfaltata;Verticale ed orizzontale;Sereno;Normale;Buona;Ore Diurne;0;0;0;4;12.60933;41.86405;-1;2;Autovettura privata;In marcia / fermata / arresto;Conducente;M;Illeso;0;;Non accertato;Inesploso
2175164;8;18/10/2014 11:00;Statale entro l'abitato;VIA CASILINA;da specificare;;;;ALTEZZA VIA RUDERI DI TORRENOVA DIR. FUORI ROMA;Scontro laterale fra veicoli in marcia;Rettilineo;Una carreggiata a doppio senso;Asciutto;Asfaltata;Verticale ed orizzontale;Sereno;Normale;Buona;Ore Diurne;0;0;0;4;12.60933;41.86405;-1;2;Autovettura privata;In marcia / fermata / arresto;Passeggero;F;Illeso;0;;Non accertato;Inesploso
2175169;8;18/10/2014 11:30;Strada Urbana;VIA GIORGIO GRAPPELLI;da specificare;;;;altezza cavalvia pedonale;Scontro laterale fra veicoli in marcia;Rettilineo;Due carreggiate;Asciutto;Asfaltata;Verticale ed orizzontale;Sereno;Normale;Buona;Ore Diurne;0;0;0;2;12.65738;41.91172;-1;1;Autovettura privata;In marcia / fermata / arresto;Conducente;M;Illeso;0;;Non accertato;Inesploso
2175169;8;18/10/2014 11:30;Strada Urbana;VIA GIORGIO GRAPPELLI;da specificare;;;;altezza cavalvia pedonale;Scontro laterale fra veicoli in marcia;Rettilineo;Due carreggiate;Asciutto;Asfaltata;Verticale ed orizzontale;Sereno;Normale;Buona;Ore Diurne;0;0;0;2;12.65738;41.91172;-1;2;Motociclo a solo;In marcia / fermata / arresto;Conducente;M;Illeso;0;;Non accertato;
2175171;5;19/10/2014 11:00;Strada Urbana;VIA DI PONTE MAMMOLO;in prossimità;;del civico n.;1;;Tamponamento;Curva a visuale libera;Due carreggiate;Asciutto;Asfaltata;Assente;Sereno;Scarso;Buona;Ore Diurne;0;0;0;4;12.57079;41.92416;-1;1;Autovettura privata;In marcia / fermata / arresto;Conducente;F;Illeso;0;;Non accertato;
2175171;5;19/10/2014 11:00;Strada Urbana;VIA DI PONTE MAMMOLO;in prossimità;;del civico n.;1;;Tamponamento;Curva a visuale libera;Due carreggiate;Asciutto;Asfaltata;Assente;Sereno;Scarso;Buona;Ore Diurne;0;0;0;4;12.57079;41.92416;-1;2;Autocarro inferiore 35 q.;In marcia / fermata / arresto;Conducente;M;Illeso;0;;Non accertato;
2175171;5;19/10/2014 11:00;Strada Urbana;VIA DI PONTE MAMMOLO;in prossimità;;del civico n.;1;;Tamponamento;Curva a visuale libera;Due carreggiate;Asciutto;Asfaltata;Assente;Sereno;Scarso;Buona;Ore Diurne;0;0;0;4;12.57079;41.92416;-1;2;Autocarro inferiore 35 q.;In marcia / fermata / arresto;Passeggero;F;Illeso;0;;Non accertato;
2175171;5;19/10/2014 11:00;Strada Urbana;VIA DI PONTE MAMMOLO;in prossimità;;del civico n.;1;;Tamponamento;Curva a visuale libera;Due carreggiate;Asciutto;Asfaltata;Assente;Sereno;Scarso;Buona;Ore Diurne;0;0;0;4;12.57079;41.92416;-1;2;Autocarro inferiore 35 q.;In marcia / fermata / arresto;Passeggero;F;Illeso;0;;Non accertato;
2175180;8;19/10/2014 20:45;Statale entro l'abitato;VIA CASILINA;all'intersezione con;VIA DEL TORRACCIO DI TORRENOVA;VIA DEL TORRACCIO DI TORRENOVA;;;Tamponamento Multiplo;Intersezione semaforizzata;Due carreggiate;Asciutto;Asfaltata;Verticale ed orizzontale;Sereno;Normale;Sufficiente;Sufficiente;4;0;0;6;12.60933;41.86405;-1;1;Autovettura privata;In marcia / fermata / arresto;Conducente;F;Illeso;0;;Non accertato;Inesploso
2175180;8;19/10/2014 20:45;Statale entro l'abitato;VIA CASILINA;all'intersezione con;VIA DEL TORRACCIO DI TORRENOVA;VIA DEL TORRACCIO DI TORRENOVA;;;Tamponamento Multiplo;Intersezione semaforizzata;Due carreggiate;Asciutto;Asfaltata;Verticale ed orizzontale;Sereno;Normale;Sufficiente;Sufficiente;4;0;0;6;12.60933;41.86405;-1;1;Autovettura privata;In marcia / fermata / arresto;Passeggero;F;Rifiuta cure immediate;0;NON DECEDUTO;Non accertato;Inesploso
2175180;8;19/10/2014 20:45;Statale entro l'abitato;VIA CASILINA;all'intersezione con;VIA DEL TORRACCIO DI TORRENOVA;VIA DEL TORRACCIO DI TORRENOVA;;;Tamponamento Multiplo;Intersezione semaforizzata;Due carreggiate;Asciutto;Asfaltata;Verticale ed orizzontale;Sereno;Normale;Sufficiente;Sufficiente;4;0;0;6;12.60933;41.86405;-1;1;Autovettura privata;In marcia / fermata / arresto;Passeggero;M;Illeso;0;;Non accertato;Inesploso
2175180;8;19/10/2014 20:45;Statale entro l'abitato;VIA CASILINA;all'intersezione con;VIA DEL TORRACCIO DI TORRENOVA;VIA DEL TORRACCIO DI TORRENOVA;;;Tamponamento Multiplo;Intersezione semaforizzata;Due carreggiate;Asciutto;Asfaltata;Verticale ed orizzontale;Sereno;Normale;Sufficiente;Sufficiente;4;0;0;6;12.60933;41.86405;-1;1;Autovettura privata;In marcia / fermata / arresto;Passeggero;F;Rifiuta cure immediate;0;NON DECEDUTO;Non accertato;Inesploso
2175180;8;19/10/2014 20:45;Statale entro l'abitato;VIA CASILINA;all'intersezione con;VIA DEL TORRACCIO DI TORRENOVA;VIA DEL TORRACCIO DI TORRENOVA;;;Tamponamento Multiplo;Intersezione semaforizzata;Due carreggiate;Asciutto;Asfaltata;Verticale ed orizzontale;Sereno;Normale;Sufficiente;Sufficiente;4;0;0;6;12.60933;41.86405;-1;2;Autovettura privata;In marcia / fermata / arresto;Conducente;M;Illeso;0;;Non accertato;Inesploso
2175180;8;19/10/2014 20:45;Statale entro l'abitato;VIA CASILINA;all'intersezione con;VIA DEL TORRACCIO DI TORRENOVA;VIA DEL TORRACCIO DI TORRENOVA;;;Tamponamento Multiplo;Intersezione semaforizzata;Due carreggiate;Asciutto;Asfaltata;Verticale ed orizzontale;Sereno;Normale;Sufficiente;Sufficiente;4;0;0;6;12.60933;41.86405;-1;3;Autovettura privata;In marcia / fermata / arresto;Conducente;M;Illeso;0;;Non accertato;Inesploso
2175180;8;19/10/2014 20:45;Statale entro l'abitato;VIA CASILINA;all'intersezione con;VIA DEL TORRACCIO DI TORRENOVA;VIA DEL TORRACCIO DI TORRENOVA;;;Tamponamento Multiplo;Intersezione semaforizzata;Due carreggiate;Asciutto;Asfaltata;Verticale ed orizzontale;Sereno;Normale;Sufficiente;Sufficiente;4;0;0;6;12.60933;41.86405;-1;3;Autovettura privata;In marcia / fermata / arresto;Passeggero;F;Rifiuta cure immediate;0;NON DECEDUTO;Non accertato;Inesploso
2175180;8;19/10/2014 20:45;Statale entro l'abitato;VIA CASILINA;all'intersezione con;VIA DEL TORRACCIO DI TORRENOVA;VIA DEL TORRACCIO DI TORRENOVA;;;Tamponamento Multiplo;Intersezione semaforizzata;Due carreggiate;Asciutto;Asfaltata;Verticale ed orizzontale;Sereno;Normale;Sufficiente;Sufficiente;4;0;0;6;12.60933;41.86405;-1;3;Autovettura privata;In marcia / fermata / arresto;Passeggero;M;Rifiuta cure immediate;0;NON DECEDUTO;Non accertato;Inesploso
2175180;8;19/10/2014 20:45;Statale entro l'abitato;VIA CASILINA;all'intersezione con;VIA DEL TORRACCIO DI TORRENOVA;VIA DEL TORRACCIO DI TORRENOVA;;;Tamponamento Multiplo;Intersezione semaforizzata;Due carreggiate;Asciutto;Asfaltata;Verticale ed orizzontale;Sereno;Normale;Sufficiente;Sufficiente;4;0;0;6;12.60933;41.86405;-1;3;Autovettura privata;In marcia / fermata / arresto;Passeggero;M;Illeso;0;;Non accertato;Inesploso
2175180;8;19/10/2014 20:45;Statale entro l'abitato;VIA CASILINA;all'intersezione con;VIA DEL TORRACCIO DI TORRENOVA;VIA DEL TORRACCIO DI TORRENOVA;;;Tamponamento Multiplo;Intersezione semaforizzata;Due carreggiate;Asciutto;Asfaltata;Verticale ed orizzontale;Sereno;Normale;Sufficiente;Sufficiente;4;0;0;6;12.60933;41.86405;-1;4;Autovettura privata;In marcia / fermata / arresto;Conducente;M;Illeso;0;;Non accertato;Inesploso
2175186;8;18/10/2014 21:00;Strada Urbana;VIA DI TORRENOVA;in prossimità;;del civico n.;351;;Veicolo in marcia contro veicolo in sosta;Rettilineo;Una carreggiata a doppio senso;Asciutto;Asfaltata;Verticale ed orizzontale;Sereno;Normale;Sufficiente;Sufficiente;2;0;0;0;12.61813;41.88314;-1;2;Autovettura privata;In marcia / fermata / arresto;Conducente;F;Ricoverato;0;NON DECEDUTO;Non accertato;Esploso
2175186;8;18/10/2014 21:00;Strada Urbana;VIA DI TORRENOVA;in prossimità;;del civico n.;351;;Veicolo in marcia contro veicolo in sosta;Rettilineo;Una carreggiata a doppio senso;Asciutto;Asfaltata;Verticale ed orizzontale;Sereno;Normale;Sufficiente;Sufficiente;2;0;0;0;12.61813;41.88314;-1;2;Autovettura privata;In marcia / fermata / arresto;Passeggero;F;Ricoverato;0;NON DECEDUTO;Non accertato;
2175193;19;18/10/2014 01:55;Strada Urbana;VIA DI BOCCEA;all'intersezione con;VIA DELLA STORTA;VIA DELLA STORTA;;;Scontro frontale fra veicoli in marcia;Incrocio;Una carreggiata a doppio senso;Asciutto;Asfaltata;Verticale ed orizzontale;Sereno;Scarso;Sufficiente;Sufficiente;4;0;0;0;12.35344;41.92805;-1;1;Autovettura privata;In marcia / fermata / arresto;Conducente;M;Rimandato;0;NON DECEDUTO;Non accertato;Esploso
2175193;19;18/10/2014 01:55;Strada Urbana;VIA DI BOCCEA;all'intersezione con;VIA DELLA STORTA;VIA DELLA STORTA;;;Scontro frontale fra veicoli in marcia;Incrocio;Una carreggiata a doppio senso;Asciutto;Asfaltata;Verticale ed orizzontale;Sereno;Scarso;Sufficiente;Sufficiente;4;0;0;0;12.35344;41.92805;-1;1;Autovettura privata;In marcia / fermata / arresto;Passeggero;M;Rimandato;0;NON DECEDUTO;Non accertato;Esploso
2175193;19;18/10/2014 01:55;Strada Urbana;VIA DI BOCCEA;all'intersezione con;VIA DELLA STORTA;VIA DELLA STORTA;;;Scontro frontale fra veicoli in marcia;Incrocio;Una carreggiata a doppio senso;Asciutto;Asfaltata;Verticale ed orizzontale;Sereno;Scarso;Sufficiente;Sufficiente;4;0;0;0;12.35344;41.92805;-1;2;Autovettura privata;In marcia / fermata / arresto;Conducente;M;Rimandato;0;NON DECEDUTO;Non accertato;Esploso
2175193;19;18/10/2014 01:55;Strada Urbana;VIA DI BOCCEA;all'intersezione con;VIA DELLA STORTA;VIA DELLA STORTA;;;Scontro frontale fra veicoli in marcia;Incrocio;Una carreggiata a doppio senso;Asciutto;Asfaltata;Verticale ed orizzontale;Sereno;Scarso;Sufficiente;Sufficiente;4;0;0;0;12.35344;41.92805;-1;3;Autovettura privata;In marcia / fermata / arresto;Conducente;M;Rimandato;0;NON DECEDUTO;Non accertato;Esploso
2175194;8;18/10/2014 18:35;Strada Urbana;VIA DI TOR BELLA MONACA;da specificare;;;;altezza distributore AGIP dir CASILINA;Veicolo in marcia contro ostacolo accidentale;Rettilineo;Due carreggiate;Asciutto;Asfaltata;Orizzontale;Sereno;Intenso;Buona;Sufficiente;0;0;0;1;12.62813;41.87636;-1;1;Autovettura privata;In marcia / fermata / arresto;Conducente;M;Illeso;0;;Non accertato;Inesploso
2175195;8;19/10/2014 18:20;Strada Urbana;VIA DI TOR BELLA MONACA;da specificare;;;;ALTEZZA DISTRIBUTORE AGIP DIREZIONE CASILINA;Veicolo in marcia contro ostacolo accidentale;Rettilineo;Due carreggiate;Asciutto;Asfaltata;Orizzontale;Sereno;Intenso;Buona;Sufficiente;0;0;0;1;12.62813;41.87636;-1;1;Autovettura privata;In marcia / fermata / arresto;Conducente;M;Illeso;0;;Non accertato;Inesploso
2175197;16;17/10/2014 10:45;Strada Urbana;VIA LAURA MANTEGAZZA;in corrispondenza;;del civico n.;3;;Scontro laterale fra veicoli in marcia;Rettilineo;Una carreggiata a senso unico di marcia;Asciutto;Asfaltata;Assente;Sereno;Normale;Buona;Ore Diurne;0;0;0;3;12.45327;41.87099;-1;1;Autovettura privata;In marcia / fermata / arresto;Conducente;M;Illeso;0;;Non accertato;Inesploso
2175197;16;17/10/2014 10:45;Strada Urbana;VIA LAURA MANTEGAZZA;in corrispondenza;;del civico n.;3;;Scontro laterale fra veicoli in marcia;Rettilineo;Una carreggiata a senso unico di marcia;Asciutto;Asfaltata;Assente;Sereno;Normale;Buona;Ore Diurne;0;0;0;3;12.45327;41.87099;-1;1;Autovettura privata;In marcia / fermata / arresto;Passeggero;M;Illeso;0;;Non accertato;Inesploso
2175197;16;17/10/2014 10:45;Strada Urbana;VIA LAURA MANTEGAZZA;in corrispondenza;;del civico n.;3;;Scontro laterale fra veicoli in marcia;Rettilineo;Una carreggiata a senso unico di marcia;Asciutto;Asfaltata;Assente;Sereno;Normale;Buona;Ore Diurne;0;0;0;3;12.45327;41.87099;-1;2;Autovettura privata;In marcia / fermata / arresto;Conducente;M;Illeso;0;;Non accertato;Inesploso
2175198;8;19/10/2014 18:45;Strada Urbana;VIA DI TOR BELLA MONACA;da specificare;;;;ALTEZZA DISTRIBUTORE AGIP DIREZIONE CASILINA;Veicolo in marcia contro ostacolo accidentale;Rettilineo;Due carreggiate;Asciutto;Asfaltata;Orizzontale;Sereno;Intenso;Buona;Sufficiente;0;0;0;2;12.62813;41.87636;-1;1;Autovettura privata;In marcia / fermata / arresto;Conducente;M;Illeso;0;;Non accertato;Inesploso
2175198;8;19/10/2014 18:45;Strada Urbana;VIA DI TOR BELLA MONACA;da specificare;;;;ALTEZZA DISTRIBUTORE AGIP DIREZIONE CASILINA;Veicolo in marcia contro ostacolo accidentale;Rettilineo;Due carreggiate;Asciutto;Asfaltata;Orizzontale;Sereno;Intenso;Buona;Sufficiente;0;0;0;2;12.62813;41.87636;-1;1;Autovettura privata;In marcia / fermata / arresto;Passeggero;F;Illeso;0;;Non accertato;Inesploso
2175199;8;19/10/2014 18:30;Strada Urbana;VIA DI TOR BELLA MONACA;da specificare;;;;ALTEZZA DISTRIBUTORE AGIP DIREZIONE CASILINA;Veicolo in marcia contro ostacolo accidentale;Rettilineo;Più di due carreggiate;Asciutto;Asfaltata;Orizzontale;Sereno;Intenso;Buona;Sufficiente;0;0;0;1;12.62813;41.87636;-1;1;Autovettura privata;In marcia / fermata / arresto;Conducente;M;Illeso;0;;Non accertato;Inesploso
2175200;11;19/10/2014 11:15;Strada Urbana;VIALE PICO DELLA MIRANDOLA;in prossimità;;del civico n.;123;;Scontro frontale/laterale DX fra veicoli in marcia;Rettilineo;Due carreggiate;Asciutto;Asfaltata;Verticale ed orizzontale;Sereno;Scarso;Buona;Ore Diurne;0;0;0;4;12.48583;41.84594;-1;1;Autovettura privata;In marcia / fermata / arresto;Conducente;M;Illeso;0;;Non accertato;
2175200;11;19/10/2014 11:15;Strada Urbana;VIALE PICO DELLA MIRANDOLA;in prossimità;;del civico n.;123;;Scontro frontale/laterale DX fra veicoli in marcia;Rettilineo;Due carreggiate;Asciutto;Asfaltata;Verticale ed orizzontale;Sereno;Scarso;Buona;Ore Diurne;0;0;0;4;12.48583;41.84594;-1;1;Autovettura privata;In marcia / fermata / arresto;Passeggero;F;Illeso;0;;Non accertato;
2175200;11;19/10/2014 11:15;Strada Urbana;VIALE PICO DELLA MIRANDOLA;in prossimità;;del civico n.;123;;Scontro frontale/laterale DX fra veicoli in marcia;Rettilineo;Due carreggiate;Asciutto;Asfaltata;Verticale ed orizzontale;Sereno;Scarso;Buona;Ore Diurne;0;0;0;4;12.48583;41.84594;-1;1;Autovettura privata;In marcia / fermata / arresto;Passeggero;M;Illeso;0;;Non accertato;
2175200;11;19/10/2014 11:15;Strada Urbana;VIALE PICO DELLA MIRANDOLA;in prossimità;;del civico n.;123;;Scontro frontale/laterale DX fra veicoli in marcia;Rettilineo;Due carreggiate;Asciutto;Asfaltata;Verticale ed orizzontale;Sereno;Scarso;Buona;Ore Diurne;0;0;0;4;12.48583;41.84594;-1;2;Ciclomotore;In marcia / fermata / arresto;Conducente;M;Illeso;0;;Non accertato;
2175201;10;20/10/2014 07:45;Strada Urbana;PIAZZA ETTORE VIOLA;all'intersezione con;VIA WALTER PROCACCINI;VIA WALTER PROCACCINI;;;Scontro laterale fra veicoli in marcia;Intersezione non regolata/non segnalata;Una carreggiata a senso unico di marcia;Asciutto;Asfaltata;Orizzontale;Sereno;Normale;Buona;Ore Diurne;0;0;0;3;12.58551;41.84591;-1;1;Autovettura privata;In marcia / fermata / arresto;Conducente;F;Illeso;0;;Non accertato;Inesploso
2175201;10;20/10/2014 07:45;Strada Urbana;PIAZZA ETTORE VIOLA;all'intersezione con;VIA WALTER PROCACCINI;VIA WALTER PROCACCINI;;;Scontro laterale fra veicoli in marcia;Intersezione non regolata/non segnalata;Una carreggiata a senso unico di marcia;Asciutto;Asfaltata;Orizzontale;Sereno;Normale;Buona;Ore Diurne;0;0;0;3;12.58551;41.84591;-1;1;Autovettura privata;In marcia / fermata / arresto;Passeggero;M;Illeso;0;;Non accertato;Inesploso
2175201;10;20/10/2014 07:45;Strada Urbana;PIAZZA ETTORE VIOLA;all'intersezione con;VIA WALTER PROCACCINI;VIA WALTER PROCACCINI;;;Scontro laterale fra veicoli in marcia;Intersezione non regolata/non segnalata;Una carreggiata a senso unico di marcia;Asciutto;Asfaltata;Orizzontale;Sereno;Normale;Buona;Ore Diurne;0;0;0;3;12.58551;41.84591;-1;2;Autovettura privata;In marcia / fermata / arresto;Conducente;F;Illeso;0;;Non accertato;Inesploso
2175204;8;19/10/2014 18:30;Strada Urbana;VIA DI TOR BELLA MONACA;da specificare;;;;ALTEZZA DISTRIBUTORE AGIP DIREZIONE CASILINA;Veicolo in marcia contro ostacolo accidentale;Rettilineo;Due carreggiate;Asciutto;Asfaltata;Orizzontale;Sereno;Intenso;Buona;Sufficiente;0;0;0;1;12.62813;41.87636;-1;1;Autovettura privata;In marcia / fermata / arresto;Conducente;F;Illeso;0;;Non accertato;Inesploso
2175207;8;19/10/2014 21:45;Strada Urbana;VIA COLLATINA;in corrispondenza;;del civico n.;661;;Scontro frontale fra veicoli in marcia;Curva senza visuale libera;Una carreggiata a doppio senso;Asciutto;Asfaltata;Verticale ed orizzontale;Sereno;Normale;Buona;Sufficiente;1;0;0;3;12.64085;41.91159;-1;1;Autovettura privata;In marcia / fermata / arresto;Conducente;M;Illeso;0;;Non accertato;Esploso
2175207;8;19/10/2014 21:45;Strada Urbana;VIA COLLATINA;in corrispondenza;;del civico n.;661;;Scontro frontale fra veicoli in marcia;Curva senza visuale libera;Una carreggiata a doppio senso;Asciutto;Asfaltata;Verticale ed orizzontale;Sereno;Normale;Buona;Sufficiente;1;0;0;3;12.64085;41.91159;-1;1;Autovettura privata;In marcia / fermata / arresto;Passeggero;M;Illeso;0;;Non accertato;Inesploso
2175207;8;19/10/2014 21:45;Strada Urbana;VIA COLLATINA;in corrispondenza;;del civico n.;661;;Scontro frontale fra veicoli in marcia;Curva senza visuale libera;Una carreggiata a doppio senso;Asciutto;Asfaltata;Verticale ed orizzontale;Sereno;Normale;Buona;Sufficiente;1;0;0;3;12.64085;41.91159;-1;1;Autovettura privata;In marcia / fermata / arresto;Passeggero;F;Illeso;0;;Non accertato;Inesploso
2175207;8;19/10/2014 21:45;Strada Urbana;VIA COLLATINA;in corrispondenza;;del civico n.;661;;Scontro frontale fra veicoli in marcia;Curva senza visuale libera;Una carreggiata a doppio senso;Asciutto;Asfaltata;Verticale ed orizzontale;Sereno;Normale;Buona;Sufficiente;1;0;0;3;12.64085;41.91159;-1;2;Motociclo a solo;In marcia / fermata / arresto;Conducente;M;Ricoverato;0;NON DECEDUTO;Non accertato;
2175208;7;18/10/2014 13:15;Strada Urbana;VIA DELLE BETULLE;all'intersezione con;VIA DELLE ROSE;VIA DELLE ROSE;;;Scontro frontale/laterale SX fra veicoli in marcia;Incrocio;Una carreggiata a senso unico di marcia;Asciutto;Asfaltata;Verticale ed orizzontale;Sereno;Normale;Buona;Ore Diurne;0;0;0;3;12.56292;41.88986;-1;1;Autovettura privata;In marcia / fermata / arresto;Conducente;F;Illeso;0;;Non accertato;Inesploso