Protocollo;Gruppo;DataOraIncidente;Localizzazione1;STRADA1;Localizzazione2;STRADA2;Strada02;Chilometrica;DaSpecificare;NaturaIncidente;particolaritastrade;TipoStrada;FondoStradale;Pavimentazione;Segnaletica;CondizioneAtmosferica;Traffico;Visibilita;Illuminazione;NUM_FERITI;NUM_RISERVATA;NUM_MORTI;NUM_ILLESI;Longitudine;Latitudine;Confermato;Progressivo;TipoVeicolo;StatoVeicolo;TipoPersona;Sesso;Tipolesione;Deceduto;DecedutoDopo;CinturaCascoUtilizzato;Airbag
2182887;19;27/10/2014 14:35;Strada Urbana;VIA LORENZO ELLERO;all'intersezione con;VIA VINCENZO VIARA DE RICCI;VIA VINCENZO VIARA DE RICCI;;;Scontro laterale fra veicoli in marcia;Incrocio;Una carreggiata a doppio senso;Asciutto;Asfaltata;Verticale;Sereno;Normale;Buona;Ore Diurne;0;0;0;3;12.41138;41.92789;-1;1;Autovettura privata;In marcia / fermata / arresto;Conducente;M;Illeso;0;;;
2182887;19;27/10/2014 14:35;Strada Urbana;VIA LORENZO ELLERO;all'intersezione con;VIA VINCENZO VIARA DE RICCI;VIA VINCENZO VIARA DE RICCI;;;Scontro laterale fra veicoli in marcia;Incrocio;Una carreggiata a doppio senso;Asciutto;Asfaltata;Verticale;Sereno;Normale;Buona;Ore Diurne;0;0;0;3;12.41138;41.92789;-1;2;Autovettura privata;In marcia / fermata / arresto;Conducente;F;Illeso;0;;;
2182887;19;27/10/2014 14:35;Strada Urbana;VIA LORENZO ELLERO;all'intersezione con;VIA VINCENZO VIARA DE RICCI;VIA VINCENZO VIARA DE RICCI;;;Scontro laterale fra veicoli in marcia;Incrocio;Una carreggiata a doppio senso;Asciutto;Asfaltata;Verticale;Sereno;Normale;Buona;Ore Diurne;0;0;0;3;12.41138;41.92789;-1;2;Autovettura privata;In marcia / fermata / arresto;Passeggero;M;Illeso;0;;;
2182899;1;28/10/2014 08:40;Strada Urbana;LUNGOTEVERE TESTACCIO;da specificare;;;;altezza VIA FERRARIS;Tamponamento;Curva a visuale libera;Una carreggiata a doppio senso;Asciutto;Asfaltata;Verticale ed orizzontale;Nuvoloso;Scarso;Buona;Ore Diurne;1;0;0;1;12.47078;41.87792;-1;1;Autocarro inferiore 35 q.;In marcia / fermata / arresto;Conducente;M;Illeso;0;;;
2182899;1;28/10/2014 08:40;Strada Urbana;LUNGOTEVERE TESTACCIO;da specificare;;;;altezza VIA FERRARIS;Tamponamento;Curva a visuale libera;Una carreggiata a doppio senso;Asciutto;Asfaltata;Verticale ed orizzontale;Nuvoloso;Scarso;Buona;Ore Diurne;1;0;0;1;12.47078;41.87792;-1;2;Motociclo a solo;In marcia / fermata / arresto;Conducente;F;Rimandato;0;NON DECEDUTO;;
2182942;10;28/10/2014 12:55;Strada Urbana;VIA TUSCOLANA;da specificare;;;;rampa accesso GRA dir. Aquila;Tamponamento;Rettilineo;Una carreggiata a senso unico di marcia;Asciutto;Asfaltata;Verticale ed orizzontale;Sereno;Scarso;Buona;Ore Diurne;1;0;0;2;12.59306;41.83953;-1;1;Autovettura privata;In marcia / fermata / arresto;Conducente;F;Illeso;0;;Non accertato;Inesploso
2182942;10;28/10/2014 12:55;Strada Urbana;VIA TUSCOLANA;da specificare;;;;rampa accesso GRA dir. Aquila;Tamponamento;Rettilineo;Una carreggiata a senso unico di marcia;Asciutto;Asfaltata;Verticale ed orizzontale;Sereno;Scarso;Buona;Ore Diurne;1;0;0;2;12.59306;41.83953;-1;1;Autovettura privata;In marcia / fermata / arresto;Passeggero;F;Illeso;0;;Non accertato;Inesploso
2182942;10;28/10/2014 12:55;Strada Urbana;VIA TUSCOLANA;da specificare;;;;rampa accesso GRA dir. Aquila;Tamponamento;Rettilineo;Una carreggiata a senso unico di marcia;Asciutto;Asfaltata;Verticale ed orizzontale;Sereno;Scarso;Buona;Ore Diurne;1;0;0;2;12.59306;41.83953;-1;2;Motociclo a solo;In marcia / fermata / arresto;Conducente;M;Rimandato;0;NON DECEDUTO;Non accertato;
2182971;5;28/10/2014 14:15;Strada Urbana;VIA ADELMO NICCOLAI;da specificare;;;;prossimità via Galati;Scontro laterale fra veicoli in marcia;Curva a visuale libera;Una carreggiata a doppio senso;Asciutto;Asfaltata;Assente;Sereno;Normale;Buona;Ore Diurne;0;0;0;2;12.57053;41.91171;-1;1;Autovettura privata;In marcia / fermata / arresto;Conducente;F;Illeso;0;;Non accertato;Inesploso
2182971;5;28/10/2014 14:15;Strada Urbana;VIA ADELMO NICCOLAI;da specificare;;;;prossimità via Galati;Scontro laterale fra veicoli in marcia;Curva a visuale libera;Una carreggiata a doppio senso;Asciutto;Asfaltata;Assente;Sereno;Normale;Buona;Ore Diurne;0;0;0;2;12.57053;41.91171;-1;2;Autocarro inferiore 35 q.;In marcia / fermata / arresto;Conducente;M;Illeso;0;;Non accertato;Inesploso
2182989;9;28/10/2014 15:10;Strada Urbana;VIA ANTONIO COPPI;da specificare;;;;altezza via della Caffarelletta;Tamponamento Multiplo;Curva a visuale libera;Una carreggiata a doppio senso;Asciutto;Asfaltata;Orizzontale;Nuvoloso;Normale;Buona;Ore Diurne;0;0;0;3;12.51414;41.86972;-1;1;Autovettura privata;In marcia / fermata / arresto;Conducente;M;Illeso;0;;Non accertato;
2182989;9;28/10/2014 15:10;Strada Urbana;VIA ANTONIO COPPI;da specificare;;;;altezza via della Caffarelletta;Tamponamento Multiplo;Curva a visuale libera;Una carreggiata a doppio senso;Asciutto;Asfaltata;Orizzontale;Nuvoloso;Normale;Buona;Ore Diurne;0;0;0;3;12.51414;41.86972;-1;2;Autovettura privata;In marcia / fermata / arresto;Conducente;M;Illeso;0;;Non accertato;
2182989;9;28/10/2014 15:10;Strada Urbana;VIA ANTONIO COPPI;da specificare;;;;altezza via della Caffarelletta;Tamponamento Multiplo;Curva a visuale libera;Una carreggiata a doppio senso;Asciutto;Asfaltata;Orizzontale;Nuvoloso;Normale;Buona;Ore Diurne;0;0;0;3;12.51414;41.86972;-1;3;Autovettura privata;In marcia / fermata / arresto;Conducente;M;Illeso;0;;Non accertato;
2182997;18;26/10/2014 21:00;Strada Urbana;PIAZZA S. GIOVANNI BATTISTA DE LA SALLE;da specificare;;;;prossimità CIRCONVALLAZIONE CORNELIA;Tamponamento;Curva senza visuale libera;Due carreggiate;Asciutto;Asfaltata;Verticale ed orizzontale;Sereno;Normale;Sufficiente;Sufficiente;0;0;0;3;12.42774;41.89856;-1;1;Autovettura privata;In marcia / fermata / arresto;Conducente;M;Illeso;0;;Non accertato;Inesploso
2182997;18;26/10/2014 21:00;Strada Urbana;PIAZZA S. GIOVANNI BATTISTA DE LA SALLE;da specificare;;;;prossimità CIRCONVALLAZIONE CORNELIA;Tamponamento;Curva senza visuale libera;Due carreggiate;Asciutto;Asfaltata;Verticale ed orizzontale;Sereno;Normale;Sufficiente;Sufficiente;0;0;0;3;12.42774;41.89856;-1;1;Autovettura privata;In marcia / fermata / arresto;Passeggero;F;Illeso;0;;Non accertato;Inesploso
2182997;18;26/10/2014 21:00;Strada Urbana;PIAZZA S. GIOVANNI BATTISTA DE LA SALLE;da specificare;;;;prossimità CIRCONVALLAZIONE CORNELIA;Tamponamento;Curva senza visuale libera;Due carreggiate;Asciutto;Asfaltata;Verticale ed orizzontale;Sereno;Normale;Sufficiente;Sufficiente;0;0;0;3;12.42774;41.89856;-1;2;Autovettura privata;In marcia / fermata / arresto;Conducente;F;Illeso;0;;Non accertato;Inesploso
2183002;18;27/10/2014 01:10;Strada Urbana;VIA DI BOCCEA;all'intersezione con;VIA URBANO II;VIA URBANO II;;;Scontro frontale/laterale DX fra veicoli in marcia;Incrocio;Una carreggiata a doppio senso;Asciutto;Asfaltata;Verticale ed orizzontale;Sereno;Scarso;Buona;Sufficiente;1;0;0;1;12.42189;41.90316;-1;1;Autovettura privata;In marcia / fermata / arresto;Conducente;M;Ricoverato;0;NON DECEDUTO;Non accertato;Inesploso
2183002;18;27/10/2014 01:10;Strada Urbana;VIA DI BOCCEA;all'intersezione con;VIA URBANO II;VIA URBANO II;;;Scontro frontale/laterale DX fra veicoli in marcia;Incrocio;Una carreggiata a doppio senso;Asciutto;Asfaltata;Verticale ed orizzontale;Sereno;Scarso;Buona;Sufficiente;1;0;0;1;12.42189;41.90316;-1;2;Autovettura privata;In marcia / fermata / arresto;Conducente;M;Illeso;0;;Non accertato;Inesploso
2183007;17;28/10/2014 14:00;Strada Urbana;PIAZZA GIUSEPPE MAZZINI;in prossimità;;del civico n.;34;;Scontro laterale fra veicoli in marcia;Rettilineo;Una carreggiata a senso unico di marcia;Asciutto;Asfaltata;Verticale ed orizzontale;Sereno;Normale;Buona;Ore Diurne;0;0;0;3;12.46331;41.91638;-1;1;Autovettura privata;In marcia / fermata / arresto;Conducente;F;Illeso;0;;;
2183007;17;28/10/2014 14:00;Strada Urbana;PIAZZA GIUSEPPE MAZZINI;in prossimità;;del civico n.;34;;Scontro laterale fra veicoli in marcia;Rettilineo;Una carreggiata a senso unico di marcia;Asciutto;Asfaltata;Verticale ed orizzontale;Sereno;Normale;Buona;Ore Diurne;0;0;0;3;12.46331;41.91638;-1;2;Motociclo con passeggero;In marcia / fermata / arresto;Conducente;M;Illeso;0;;;
2183007;17;28/10/2014 14:00;Strada Urbana;PIAZZA GIUSEPPE MAZZINI;in prossimità;;del civico n.;34;;Scontro laterale fra veicoli in marcia;Rettilineo;Una carreggiata a senso unico di marcia;Asciutto;Asfaltata;Verticale ed orizzontale;Sereno;Normale;Buona;Ore Diurne;0;0;0;3;12.46331;41.91638;-1;2;Motociclo con passeggero;In marcia / fermata / arresto;Passeggero;M;Illeso;0;;;
2183018;12;28/10/2014 13:00;Strada Urbana;PIAZZALE GIULIO PASTORE;all'intersezione con;VIALE DELL'ARTE;VIALE DELL'ARTE;;;Scontro laterale fra veicoli in marcia;Incrocio;Una carreggiata a doppio senso;Asciutto;Asfaltata;Orizzontale;Nuvoloso;Normale;Buona;Ore Diurne;0;0;0;3;12.47497;41.83057;-1;1;Autovettura privata;In marcia / fermata / arresto;Conducente;F;Illeso;0;;Non accertato;Inesploso
2183018;12;28/10/2014 13:00;Strada Urbana;PIAZZALE GIULIO PASTORE;all'intersezione con;VIALE DELL'ARTE;VIALE DELL'ARTE;;;Scontro laterale fra veicoli in marcia;Incrocio;Una carreggiata a doppio senso;Asciutto;Asfaltata;Orizzontale;Nuvoloso;Normale;Buona;Ore Diurne;0;0;0;3;12.47497;41.83057;-1;2;Autovettura privata;In marcia / fermata / arresto;Conducente;M;Illeso;0;;Non accertato;Inesploso
2183018;12;28/10/2014 13:00;Strada Urbana;PIAZZALE GIULIO PASTORE;all'intersezione con;VIALE DELL'ARTE;VIALE DELL'ARTE;;;Scontro laterale fra veicoli in marcia;Incrocio;Una carreggiata a doppio senso;Asciutto;Asfaltata;Orizzontale;Nuvoloso;Normale;Buona;Ore Diurne;0;0;0;3;12.47497;41.83057;-1;2;Autovettura privata;In marcia / fermata / arresto;Passeggero;F;Illeso;0;;Non accertato;Inesploso
2183050;20;28/10/2014 16:00;Strada Urbana;VIALE DI TOR DI QUINTO;all'intersezione con;VIA PIETRO LUPI;VIA PIETRO LUPI;;;Scontro frontale/laterale SX fra veicoli in marcia;Incrocio;Una carreggiata a doppio senso;Asciutto;Asfaltata;Verticale ed orizzontale;Sereno;Intenso;Buona;Ore Diurne;0;0;0;2;12.48103;41.9406;-1;1;Autovettura privata;In marcia / fermata / arresto;Conducente;M;Illeso;0;;Non accertato;Inesploso
2183050;20;28/10/2014 16:00;Strada Urbana;VIALE DI TOR DI QUINTO;all'intersezione con;VIA PIETRO LUPI;VIA PIETRO LUPI;;;Scontro frontale/laterale SX fra veicoli in marcia;Incrocio;Una carreggiata a doppio senso;Asciutto;Asfaltata;Verticale ed orizzontale;Sereno;Intenso;Buona;Ore Diurne;0;0;0;2;12.48103;41.9406;-1;2;Autovettura privata;In marcia / fermata / arresto;Conducente;M;Illeso;0;;Non accertato;Inesploso
2183052;2;25/10/2014 23:50;Strada Urbana;PIAZZA VERBANO;all'intersezione con;VIA NEMORENSE;VIA NEMORENSE;;;Veicolo in marcia contro veicolo fermo;Rotatoria;Una carreggiata a senso unico di marcia;Asciutto;Asfaltata;Verticale ed orizzontale;Sereno;Normale;Buona;Sufficiente;0;0;0;2;12.50723;41.92365;-1;1;Autovettura pubblica;In marcia / fermata / arresto;Conducente;M;Illeso;0;;Non accertato;Inesploso
2183052;2;25/10/2014 23:50;Strada Urbana;PIAZZA VERBANO;all'intersezione con;VIA NEMORENSE;VIA NEMORENSE;;;Veicolo in marcia contro veicolo fermo;Rotatoria;Una carreggiata a senso unico di marcia;Asciutto;Asfaltata;Verticale ed orizzontale;Sereno;Normale;Buona;Sufficiente;0;0;0;2;12.50723;41.92365;-1;2;Autovettura privata;In marcia / fermata / arresto;Conducente;F;Illeso;0;;Non accertato;Inesploso
2183081;12;28/10/2014 15:40;Strada Urbana;VIALE DELLA CIVILTA' ROMANA;all'intersezione con;VIALE DELL'ARTE;VIALE DELL'ARTE;;;Tamponamento;Incrocio;Due carreggiate;Asciutto;Asfaltata;Verticale ed orizzontale;Nuvoloso;Normale;Buona;Ore Diurne;0;0;0;3;12.47553;41.83203;-1;1;Autovettura privata;In marcia / fermata / arresto;Conducente;M;Illeso;0;;Utilizzato;Inesploso
2183081;12;28/10/2014 15:40;Strada Urbana;VIALE DELLA CIVILTA' ROMANA;all'intersezione con;VIALE DELL'ARTE;VIALE DELL'ARTE;;;Tamponamento;Incrocio;Due carreggiate;Asciutto;Asfaltata;Verticale ed orizzontale;Nuvoloso;Normale;Buona;Ore Diurne;0;0;0;3;12.47553;41.83203;-1;2;Motociclo con passeggero;In marcia / fermata / arresto;Conducente;M;Illeso;0;;Utilizzato;
2183081;12;28/10/2014 15:40;Strada Urbana;VIALE DELLA CIVILTA' ROMANA;all'intersezione con;VIALE DELL'ARTE;VIALE DELL'ARTE;;;Tamponamento;Incrocio;Due carreggiate;Asciutto;Asfaltata;Verticale ed orizzontale;Nuvoloso;Normale;Buona;Ore Diurne;0;0;0;3;12.47553;41.83203;-1;2;Motociclo con passeggero;In marcia / fermata / arresto;Passeggero;M;Illeso;0;;Non accertato;
2183092;12;24/10/2014 06:50;Strada Urbana;VIA MONTE DEL FINOCCHIO;da specificare;;;;sottopasso ponte Metro Dir. Via Ostiense;Veicolo in marcia contro ostacolo accidentale;Rettilineo;Una carreggiata a doppio senso;Asciutto;Asfaltata;Assente;Sereno;Normale;Buona;Ore Diurne;1;0;0;0;12.45441;41.83258;-1;1;Motociclo a solo;In marcia / fermata / arresto;Conducente;M;Rimandato;0;NON DECEDUTO;Utilizzato;
2183114;13;24/10/2014 08:40;Strada Urbana;VIA ISOLE DEL CAPO VERDE;all'intersezione con;VIA TAGASTE;VIA TAGASTE;;;Tamponamento;Incrocio;Due carreggiate;Asciutto;Asfaltata;Verticale ed orizzontale;Sereno;Normale;Buona;Ore Diurne;0;0;0;3;12.27119;41.73736;-1;1;Autovettura privata;In marcia / fermata / arresto;Conducente;F;Illeso;0;;Non accertato;Inesploso
2183114;13;24/10/2014 08:40;Strada Urbana;VIA ISOLE DEL CAPO VERDE;all'intersezione con;VIA TAGASTE;VIA TAGASTE;;;Tamponamento;Incrocio;Due carreggiate;Asciutto;Asfaltata;Verticale ed orizzontale;Sereno;Normale;Buona;Ore Diurne;0;0;0;3;12.27119;41.73736;-1;1;Autovettura privata;In marcia / fermata / arresto;Passeggero;F;Illeso;0;;Non accertato;Inesploso
2183114;13;24/10/2014 08:40;Strada Urbana;VIA ISOLE DEL CAPO VERDE;all'intersezione con;VIA TAGASTE;VIA TAGASTE;;;Tamponamento;Incrocio;Due carreggiate;Asciutto;Asfaltata;Verticale ed orizzontale;Sereno;Normale;Buona;Ore Diurne;0;0;0;3;12.27119;41.73736;-1;2;Autovettura privata;In marcia / fermata / arresto;Conducente;M;Illeso;0;;Non accertato;Inesploso
2183133;20;28/10/2014 16:40;Regionale entro l'abitato;VIA FLAMINIA;all'intersezione con;VIA BEVAGNA;VIA BEVAGNA;;;Investimento di pedone;Intersezione non regolata/non segnalata;Una carreggiata a doppio senso;Asciutto;Asfaltata;Verticale ed orizzontale;Sereno;Normale;Buona;Sufficiente;1;0;0;1;12.47185;41.94192;-1;;;;Pedone;F;Rimandato;0;NON DECEDUTO;;
2183133;20;28/10/2014 16:40;Regionale entro l'abitato;VIA FLAMINIA;all'intersezione con;VIA BEVAGNA;VIA BEVAGNA;;;Investimento di pedone;Intersezione non regolata/non segnalata;Una carreggiata a doppio senso;Asciutto;Asfaltata;Verticale ed orizzontale;Sereno;Normale;Buona;Sufficiente;1;0;0;1;12.47185;41.94192;-1;1;Autovettura privata;In marcia / fermata / arresto;Conducente;F;Illeso;0;;Non accertato;Inesploso
2183150;9;28/10/2014 17:30;Strada Urbana;VIA MAGNAGRECIA;in corrispondenza;;del civico n.;101;;Scontro laterale fra veicoli in marcia;Rettilineo;Una carreggiata a doppio senso;Asciutto;Asfaltata;Orizzontale;Sereno;Intenso;Sufficiente;Sufficiente;2;0;0;4;12.50814;41.88121;-1;1;Autovettura privata;In marcia / fermata / arresto;Conducente;M;Illeso;0;;Non accertato;
2183150;9;28/10/2014 17:30;Strada Urbana;VIA MAGNAGRECIA;in corrispondenza;;del civico n.;101;;Scontro laterale fra veicoli in marcia;Rettilineo;Una carreggiata a doppio senso;Asciutto;Asfaltata;Orizzontale;Sereno;Intenso;Sufficiente;Sufficiente;2;0;0;4;12.50814;41.88121;-1;1;Autovettura privata;In marcia / fermata / arresto;Passeggero;F;Illeso;0;;Non accertato;
2183150;9;28/10/2014 17:30;Strada Urbana;VIA MAGNAGRECIA;in corrispondenza;;del civico n.;101;;Scontro laterale fra veicoli in marcia;Rettilineo;Una carreggiata a doppio senso;Asciutto;Asfaltata;Orizzontale;Sereno;Intenso;Sufficiente;Sufficiente;2;0;0;4;12.50814;41.88121;-1;2;Autovettura privata;In marcia / fermata / arresto;Conducente;F;Illeso;0;;Non accertato;
2183150;9;28/10/2014 17:30;Strada Urbana;VIA MAGNAGRECIA;in corrispondenza;;del civico n.;101;;Scontro laterale fra veicoli in marcia;Rettilineo;Una carreggiata a doppio senso;Asciutto;Asfaltata;Orizzontale;Sereno;Intenso;Sufficiente;Sufficiente;2;0;0;4;12.50814;41.88121;-1;2;Autovettura privata;In marcia / fermata / arresto;Passeggero;F;Illeso;0;;Non accertato;
2183150;9;28/10/2014 17:30;Strada Urbana;VIA MAGNAGRECIA;in corrispondenza;;del civico n.;101;;Scontro laterale fra veicoli in marcia;Rettilineo;Una carreggiata a doppio senso;Asciutto;Asfaltata;Orizzontale;Sereno;Intenso;Sufficiente;Sufficiente;2;0;0;4;12.50814;41.88121;-1;2;Autovettura privata;In marcia / fermata / arresto;Passeggero;F;Rimandato;0;NON DECEDUTO;Non accertato;
2183150;9;28/10/2014 17:30;Strada Urbana;VIA MAGNAGRECIA;in corrispondenza;;del civico n.;101;;Scontro laterale fra veicoli in marcia;Rettilineo;Una carreggiata a doppio senso;Asciutto;Asfaltata;Orizzontale;Sereno;Intenso;Sufficiente;Sufficiente;2;0;0;4;12.50814;41.88121;-1;3;Motociclo a solo;In marcia / fermata / arresto;Conducente;M;Rimandato;0;NON DECEDUTO;Non accertato;
2183163;17;28/10/2014 17:00;Strada Urbana;VIA CIPRO;in prossimità;;del civico n.;10-ago;;Tamponamento;Rettilineo;Due carreggiate;Asciutto;Asfaltata;Verticale ed orizzontale;Sereno;Normale;Buona;Ore Diurne;1;0;0;4;12.44667;41.90736;-1;1;Motociclo con passeggero;In marcia / fermata / arresto;Conducente;M;Illeso;0;;Non accertato;
2183163;17;28/10/2014 17:00;Strada Urbana;VIA CIPRO;in prossimità;;del civico n.;10-ago;;Tamponamento;Rettilineo;Due carreggiate;Asciutto;Asfaltata;Verticale ed orizzontale;Sereno;Normale;Buona;Ore Diurne;1;0;0;4;12.44667;41.90736;-1;1;Motociclo con passeggero;In marcia / fermata / arresto;Passeggero;F;Rimandato;0;NON DECEDUTO;Non accertato;
2183163;17;28/10/2014 17:00;Strada Urbana;VIA CIPRO;in prossimità;;del civico n.;10-ago;;Tamponamento;Rettilineo;Due carreggiate;Asciutto;Asfaltata;Verticale ed orizzontale;Sereno;Normale;Buona;Ore Diurne;1;0;0;4;12.44667;41.90736;-1;2;Autovettura privata;In marcia / fermata / arresto;Conducente;M;Illeso;0;;Non accertato;Inesploso
2183163;17;28/10/2014 17:00;Strada Urbana;VIA CIPRO;in prossimità;;del civico n.;10-ago;;Tamponamento;Rettilineo;Due carreggiate;Asciutto;Asfaltata;Verticale ed orizzontale;Sereno;Normale;Buona;Ore Diurne;1;0;0;4;12.44667;41.90736;-1;2;Autovettura privata;In marcia / fermata / arresto;Passeggero;M;Illeso;0;;Non accertato;Inesploso
2183163;17;28/10/2014 17:00;Strada Urbana;VIA CIPRO;in prossimità;;del civico n.;10-ago;;Tamponamento;Rettilineo;Due carreggiate;Asciutto;Asfaltata;Verticale ed orizzontale;Sereno;Normale;Buona;Ore Diurne;1;0;0;4;12.44667;41.90736;-1;2;Autovettura privata;In marcia / fermata / arresto;Passeggero;M;Illeso;0;;Non accertato;Inesploso
2183169;10;28/10/2014 18:10;Strada Urbana;VIA CALPURNIO FIAMMA;in corrispondenza;;del civico n.;83;;Tamponamento Multiplo;Rettilineo;Una carreggiata a senso unico di marcia;Asciutto;Asfaltata;Assente;Sereno;Intenso;Buona;Sufficiente;0;0;0;3;12.56102;41.86114;-1;1;Autovettura privata;In marcia / fermata / arresto;Conducente;M;Illeso;0;;Non accertato;Inesploso
2183169;10;28/10/2014 18:10;Strada Urbana;VIA CALPURNIO FIAMMA;in corrispondenza;;del civico n.;83;;Tamponamento Multiplo;Rettilineo;Una carreggiata a senso unico di marcia;Asciutto;Asfaltata;Assente;Sereno;Intenso;Buona;Sufficiente;0;0;0;3;12.56102;41.86114;-1;1;Autovettura privata;In marcia / fermata / arresto;Passeggero;M;Illeso;0;;Non accertato;Inesploso
2183169;10;28/10/2014 18:10;Strada Urbana;VIA CALPURNIO FIAMMA;in corrispondenza;;del civico n.;83;;Tamponamento Multiplo;Rettilineo;Una carreggiata a senso unico di marcia;Asciutto;Asfaltata;Assente;Sereno;Intenso;Buona;Sufficiente;0;0;0;3;12.56102;41.86114;-1;2;Motociclo a solo;In marcia / fermata / arresto;Conducente;M;Illeso;0;;Non accertato;
2183177;16;27/10/2014 16:25;Strada Urbana;VIA RAFFAELLO GIOVAGNOLI;all'intersezione con;VIALE DEI QUATTRO VENTI;VIALE DEI QUATTRO VENTI;;;Veicolo in marcia contro ostacolo accidentale;Incrocio;Una carreggiata a senso unico di marcia;Asciutto;In cubetti di porfido;Verticale ed orizzontale;Sereno;Normale;Buona;Ore Diurne;1;0;0;0;12.45988;41.88187;-1;1;Motociclo con passeggero;In marcia / fermata / arresto;Conducente;M;Rimandato;0;NON DECEDUTO;Non accertato;
2183188;4;25/10/2014 17:45;Strada Urbana;VIA GIOVANNI CONTI;in prossimità;;del civico n.;30;;Veicolo in marcia contro ostacolo accidentale;Rettilineo;Due carreggiate;Asciutto;Asfaltata;Verticale ed orizzontale;Sereno;Normale;Buona;Ore Diurne;0;0;0;1;12.52776;41.95148;-1;1;Autovettura privata;In marcia / fermata / arresto;Conducente;M;Illeso;0;;Non accertato;
2183330;6;28/10/2014 22:05;Strada Urbana;VIALE GIOVANNI BATTISTA VALENTE;all'intersezione con;VIA ALFREDO COVELLI;VIA ALFREDO COVELLI;;;Scontro frontale/laterale SX fra veicoli in marcia;Incrocio;Una carreggiata a doppio senso;Asciutto;Asfaltata;Verticale ed orizzontale;Sereno;Scarso;Buona;Sufficiente;0;0;0;3;12.56659;41.89604;-1;1;Autovettura privata;In marcia / fermata / arresto;Conducente;M;Illeso;0;;Non accertato;Inesploso
2183330;6;28/10/2014 22:05;Strada Urbana;VIALE GIOVANNI BATTISTA VALENTE;all'intersezione con;VIA ALFREDO COVELLI;VIA ALFREDO COVELLI;;;Scontro frontale/laterale SX fra veicoli in marcia;Incrocio;Una carreggiata a doppio senso;Asciutto;Asfaltata;Verticale ed orizzontale;Sereno;Scarso;Buona;Sufficiente;0;0;0;3;12.56659;41.89604;-1;1;Autovettura privata;In marcia / fermata / arresto;Passeggero;F;Illeso;0;;Non accertato;Inesploso
2183330;6;28/10/2014 22:05;Strada Urbana;VIALE GIOVANNI BATTISTA VALENTE;all'intersezione con;VIA ALFREDO COVELLI;VIA ALFREDO COVELLI;;;Scontro frontale/laterale SX fra veicoli in marcia;Incrocio;Una carreggiata a doppio senso;Asciutto;Asfaltata;Verticale ed orizzontale;Sereno;Scarso;Buona;Sufficiente;0;0;0;3;12.56659;41.89604;-1;2;Autovettura privata;In marcia / fermata / arresto;Conducente;M;Illeso;0;;Non accertato;Inesploso
2183340;11;28/10/2014 10:20;Strada Urbana;VIA RAFFAELE PERSICHETTI;da specificare;;;;prossimità PIAZZALE OSTIENSE;Scontro laterale fra veicoli in marcia;Curva a visuale libera;Una carreggiata a senso unico di marcia;Asciutto;Asfaltata;Verticale ed orizzontale;Sereno;Intenso;Buona;Ore Diurne;0;0;0;1;12.48104;41.87666;-1;1;Autovettura privata;In marcia / fermata / arresto;Conducente;M;Illeso;0;;Non accertato;Inesploso
2183347;5;28/10/2014 23:15;Strada Urbana;VIA DEI DURANTINI;all'intersezione con;VIA FILIPPO MEDA;VIA FILIPPO MEDA;;;Scontro frontale/laterale SX fra veicoli in marcia;Incrocio;Una carreggiata a doppio senso;Asciutto;Asfaltata;Verticale ed orizzontale;Sereno;Scarso;Buona;Sufficiente;0;0;0;2;12.54187;41.91279;-1;1;Autovettura privata;In marcia / fermata / arresto;Conducente;M;Illeso;0;;Non accertato;
2183347;5;28/10/2014 23:15;Strada Urbana;VIA DEI DURANTINI;all'intersezione con;VIA FILIPPO MEDA;VIA FILIPPO MEDA;;;Scontro frontale/laterale SX fra veicoli in marcia;Incrocio;Una carreggiata a doppio senso;Asciutto;Asfaltata;Verticale ed orizzontale;Sereno;Scarso;Buona;Sufficiente;0;0;0;2;12.54187;41.91279;-1;2;Altro;In marcia / fermata / arresto;Conducente;M;Illeso;0;;Non accertato;
2183348;11;28/10/2014 10:00;Strada Urbana;VIA OSTIENSE;in prossimità;;del civico n.;36/M;;Scontro frontale/laterale DX fra veicoli in marcia;Rettilineo;Più di due carreggiate;Asciutto;Asfaltata;Verticale ed orizzontale;Nuvoloso;Normale;Buona;Ore Diurne;0;0;0;2;12.48031;41.87395;-1;1;Autovettura privata;In marcia / fermata / arresto;Conducente;M;Illeso;0;;Non accertato;Inesploso
2183348;11;28/10/2014 10:00;Strada Urbana;VIA OSTIENSE;in prossimità;;del civico n.;36/M;;Scontro frontale/laterale DX fra veicoli in marcia;Rettilineo;Più di due carreggiate;Asciutto;Asfaltata;Verticale ed orizzontale;Nuvoloso;Normale;Buona;Ore Diurne;0;0;0;2;12.48031;41.87395;-1;2;Motociclo a solo;In marcia / fermata / arresto;Conducente;M;Illeso;0;;Non accertato;
2183350;8;28/10/2014 14:30;Strada Urbana;VIA DEGLI STORNI;all'intersezione con;PIAZZA DEI CIGNI;PIAZZA DEI CIGNI;;;Scontro laterale fra veicoli in marcia;Incrocio;Una carreggiata a senso unico di marcia;Asciutto;Asfaltata;Assente;Sereno;Scarso;Buona;Ore Diurne;0;0;0;3;12.59445;41.86534;-1;1;Autovettura privata;In marcia / fermata / arresto;Conducente;F;Illeso;0;;Non accertato;Inesploso
2183350;8;28/10/2014 14:30;Strada Urbana;VIA DEGLI STORNI;all'intersezione con;PIAZZA DEI CIGNI;PIAZZA DEI CIGNI;;;Scontro laterale fra veicoli in marcia;Incrocio;Una carreggiata a senso unico di marcia;Asciutto;Asfaltata;Assente;Sereno;Scarso;Buona;Ore Diurne;0;0;0;3;12.59445;41.86534;-1;2;Autovettura privata;In marcia / fermata / arresto;Conducente;M;Illeso;0;;Non accertato;Inesploso