Protocollo;Gruppo;DataOraIncidente;Localizzazione1;STRADA1;Localizzazione2;STRADA2;Strada02;Chilometrica;DaSpecificare;NaturaIncidente;particolaritastrade;TipoStrada;FondoStradale;Pavimentazione;Segnaletica;CondizioneAtmosferica;Traffico;Visibilita;Illuminazione;NUM_FERITI;NUM_RISERVATA;NUM_MORTI;NUM_ILLESI;Longitudine;Latitudine;Confermato;Progressivo;TipoVeicolo;StatoVeicolo;TipoPersona;Sesso;Tipolesione;Deceduto;DecedutoDopo;CinturaCascoUtilizzato;Airbag
2184416;5;29/10/2014 20:05;Strada Urbana;VIALE SACCO E VANZETTI;da specificare;;;;in prossimità di VIALE P. TOGLIATTI;Tamponamento Multiplo;Rettilineo;Due carreggiate;Asciutto;Asfaltata;Verticale;Sereno;Normale;Buona;Sufficiente;1;0;0;2;12.5718;41.91018;-1;1;Autovettura privata;In marcia / fermata / arresto;Conducente;M;Illeso;0;;Non accertato;
2184416;5;29/10/2014 20:05;Strada Urbana;VIALE SACCO E VANZETTI;da specificare;;;;in prossimità di VIALE P. TOGLIATTI;Tamponamento Multiplo;Rettilineo;Due carreggiate;Asciutto;Asfaltata;Verticale;Sereno;Normale;Buona;Sufficiente;1;0;0;2;12.5718;41.91018;-1;2;Autovettura privata;In marcia / fermata / arresto;Conducente;F;Rimandato;0;NON DECEDUTO;Non accertato;
2184416;5;29/10/2014 20:05;Strada Urbana;VIALE SACCO E VANZETTI;da specificare;;;;in prossimità di VIALE P. TOGLIATTI;Tamponamento Multiplo;Rettilineo;Due carreggiate;Asciutto;Asfaltata;Verticale;Sereno;Normale;Buona;Sufficiente;1;0;0;2;12.5718;41.91018;-1;3;Autovettura privata;In marcia / fermata / arresto;Conducente;F;Illeso;0;;Non accertato;
2184418;5;29/10/2014 20:30;Strada Urbana;VIA DEL FORTE DI PIETRALATA;all'intersezione con;VIA DI PIETRALATA;VIA DI PIETRALATA;;;Tamponamento;Incrocio;Una carreggiata a doppio senso;Asciutto;Asfaltata;Verticale;Sereno;Scarso;Buona;Sufficiente;2;0;0;1;12.54855;41.92312;-1;1;Autovettura privata;In marcia / fermata / arresto;Conducente;M;Illeso;0;;Non accertato;Inesploso
2184418;5;29/10/2014 20:30;Strada Urbana;VIA DEL FORTE DI PIETRALATA;all'intersezione con;VIA DI PIETRALATA;VIA DI PIETRALATA;;;Tamponamento;Incrocio;Una carreggiata a doppio senso;Asciutto;Asfaltata;Verticale;Sereno;Scarso;Buona;Sufficiente;2;0;0;1;12.54855;41.92312;-1;2;Motociclo con passeggero;In marcia / fermata / arresto;Conducente;M;Rimandato;0;NON DECEDUTO;Non accertato;
2184418;5;29/10/2014 20:30;Strada Urbana;VIA DEL FORTE DI PIETRALATA;all'intersezione con;VIA DI PIETRALATA;VIA DI PIETRALATA;;;Tamponamento;Incrocio;Una carreggiata a doppio senso;Asciutto;Asfaltata;Verticale;Sereno;Scarso;Buona;Sufficiente;2;0;0;1;12.54855;41.92312;-1;2;Motociclo con passeggero;In marcia / fermata / arresto;Passeggero;M;Rimandato;0;NON DECEDUTO;Non accertato;
2184420;18;29/10/2014 20:45;Strada Urbana;VIA DI ACQUAFREDDA;in prossimità;;del civico n.;153;;Scontro frontale fra veicoli in marcia;Curva senza visuale libera;Una carreggiata a doppio senso;Bagnato (umidità in atto);Asfaltata;Verticale ed orizzontale;Pioggia in atto;Normale;Buona;Sufficiente;0;0;0;2;12.39491;41.89642;-1;1;Autovettura privata;In marcia / fermata / arresto;Conducente;M;Illeso;0;;Non accertato;Inesistente
2184420;18;29/10/2014 20:45;Strada Urbana;VIA DI ACQUAFREDDA;in prossimità;;del civico n.;153;;Scontro frontale fra veicoli in marcia;Curva senza visuale libera;Una carreggiata a doppio senso;Bagnato (umidità in atto);Asfaltata;Verticale ed orizzontale;Pioggia in atto;Normale;Buona;Sufficiente;0;0;0;2;12.39491;41.89642;-1;2;Autovettura privata;In marcia / fermata / arresto;Conducente;M;Illeso;0;;Non accertato;Esploso
2184429;1;26/10/2014 17:15;Strada Urbana;VIA DRUSO;all'intersezione con;PIAZZALE NUMA POMPILIO;PIAZZALE NUMA POMPILIO;;;Scontro laterale fra veicoli in marcia;Incrocio;Una carreggiata a senso unico di marcia;Asciutto;Asfaltata;Orizzontale;Sereno;Normale;Buona;Ore Diurne;0;0;0;1;12.49709;41.88099;-1;1;Autovettura privata;In marcia / fermata / arresto;Conducente;M;Illeso;0;;Non accertato;
2184442;1;29/10/2014 17:10;Strada Urbana;VIA ANGELO POLIZIANO;all'intersezione con;VIA MERULANA;VIA MERULANA;;;Scontro frontale/laterale SX fra veicoli in marcia;Incrocio;Una carreggiata a senso unico di marcia;Asciutto;Asfaltata;Verticale ed orizzontale;Sereno;Intenso;Sufficiente;Ore Diurne;1;0;0;1;12.50092;41.89382;-1;1;Autovettura privata;In marcia / fermata / arresto;Conducente;M;Illeso;0;;Non accertato;Inesploso
2184442;1;29/10/2014 17:10;Strada Urbana;VIA ANGELO POLIZIANO;all'intersezione con;VIA MERULANA;VIA MERULANA;;;Scontro frontale/laterale SX fra veicoli in marcia;Incrocio;Una carreggiata a senso unico di marcia;Asciutto;Asfaltata;Verticale ed orizzontale;Sereno;Intenso;Sufficiente;Ore Diurne;1;0;0;1;12.50092;41.89382;-1;2;Motociclo a solo;In marcia / fermata / arresto;Conducente;M;Rimandato;0;NON DECEDUTO;Non accertato;
2184446;17;29/10/2014 19:40;Strada Urbana;VIA FABIO FILZI;all'intersezione con;VIA FILIPPO CORRIDONI;VIA FILIPPO CORRIDONI;;;Scontro frontale/laterale DX fra veicoli in marcia;Incrocio;Due carreggiate;Asciutto;Asfaltata;Verticale ed orizzontale;Nuvoloso;Normale;Buona;Sufficiente;0;0;0;4;12.46056;41.92102;-1;1;Autocarro inferiore 35 q.;In marcia / fermata / arresto;Conducente;M;Illeso;0;;;
2184446;17;29/10/2014 19:40;Strada Urbana;VIA FABIO FILZI;all'intersezione con;VIA FILIPPO CORRIDONI;VIA FILIPPO CORRIDONI;;;Scontro frontale/laterale DX fra veicoli in marcia;Incrocio;Due carreggiate;Asciutto;Asfaltata;Verticale ed orizzontale;Nuvoloso;Normale;Buona;Sufficiente;0;0;0;4;12.46056;41.92102;-1;1;Autocarro inferiore 35 q.;In marcia / fermata / arresto;Passeggero;F;Illeso;0;;;
2184446;17;29/10/2014 19:40;Strada Urbana;VIA FABIO FILZI;all'intersezione con;VIA FILIPPO CORRIDONI;VIA FILIPPO CORRIDONI;;;Scontro frontale/laterale DX fra veicoli in marcia;Incrocio;Due carreggiate;Asciutto;Asfaltata;Verticale ed orizzontale;Nuvoloso;Normale;Buona;Sufficiente;0;0;0;4;12.46056;41.92102;-1;2;Autovettura privata;In marcia / fermata / arresto;Conducente;M;Illeso;0;;;
2184446;17;29/10/2014 19:40;Strada Urbana;VIA FABIO FILZI;all'intersezione con;VIA FILIPPO CORRIDONI;VIA FILIPPO CORRIDONI;;;Scontro frontale/laterale DX fra veicoli in marcia;Incrocio;Due carreggiate;Asciutto;Asfaltata;Verticale ed orizzontale;Nuvoloso;Normale;Buona;Sufficiente;0;0;0;4;12.46056;41.92102;-1;2;Autovettura privata;In marcia / fermata / arresto;Passeggero;F;Illeso;0;;;
2184449;20;29/10/2014 15:15;Regionale entro l'abitato;VIA CASSIA;in corrispondenza;;del civico n.;811;;Tamponamento Multiplo;Rettilineo;Una carreggiata a doppio senso;Asciutto;Asfaltata;Orizzontale;Sereno;Intenso;Buona;Ore Diurne;1;0;0;1;12.44035;41.96659;-1;1;Motociclo a solo;In marcia / fermata / arresto;Conducente;M;Rimandato;0;NON DECEDUTO;Non accertato;
2184449;20;29/10/2014 15:15;Regionale entro l'abitato;VIA CASSIA;in corrispondenza;;del civico n.;811;;Tamponamento Multiplo;Rettilineo;Una carreggiata a doppio senso;Asciutto;Asfaltata;Orizzontale;Sereno;Intenso;Buona;Ore Diurne;1;0;0;1;12.44035;41.96659;-1;2;Autovettura privata;In marcia / fermata / arresto;Conducente;F;Illeso;0;;;
2184461;20;29/10/2014 08:30;Strada Urbana;VIA VALCHETTA CARTONI;da specificare;;;;altezza ingresso Deposito CARA;Scontro frontale/laterale SX fra veicoli in marcia;Curva a visuale libera;Una carreggiata a doppio senso;Asciutto;Asfaltata;Orizzontale;Sereno;Normale;Buona;Ore Diurne;0;0;0;2;12.49331;41.98583;-1;1;Autovettura privata;In marcia / fermata / arresto;Conducente;M;Illeso;0;;Non accertato;Inesploso
2184461;20;29/10/2014 08:30;Strada Urbana;VIA VALCHETTA CARTONI;da specificare;;;;altezza ingresso Deposito CARA;Scontro frontale/laterale SX fra veicoli in marcia;Curva a visuale libera;Una carreggiata a doppio senso;Asciutto;Asfaltata;Orizzontale;Sereno;Normale;Buona;Ore Diurne;0;0;0;2;12.49331;41.98583;-1;2;Motociclo a solo;In marcia / fermata / arresto;Conducente;M;Illeso;0;;Non accertato;
2184475;12;29/10/2014 19:00;Strada Urbana;VIALE DELL'OCEANO INDIANO;all'intersezione con;VIA PRAGA;VIA PRAGA;;;Investimento di pedone;Incrocio;Una carreggiata a doppio senso;Bagnato (pioggia);Asfaltata;Verticale ed orizzontale;Pioggia in atto;Scarso;Sufficiente;Sufficiente;1;0;0;1;12.4486;41.82464;-1;;;;Pedone;M;Rimandato;0;NON DECEDUTO;;
2184475;12;29/10/2014 19:00;Strada Urbana;VIALE DELL'OCEANO INDIANO;all'intersezione con;VIA PRAGA;VIA PRAGA;;;Investimento di pedone;Incrocio;Una carreggiata a doppio senso;Bagnato (pioggia);Asfaltata;Verticale ed orizzontale;Pioggia in atto;Scarso;Sufficiente;Sufficiente;1;0;0;1;12.4486;41.82464;-1;1;Autovettura privata;In marcia / fermata / arresto;Conducente;F;Illeso;0;;Utilizzato;Inesploso
2184478;6;30/10/2014 07:20;Strada Urbana;VIA CASILINA;in corrispondenza;;del civico n.;466;;Veicolo in marcia contro veicolo fermo;Rettilineo;Più di due carreggiate;Asciutto;Asfaltata;Orizzontale;Sereno;Normale;Buona;Ore Diurne;1;0;0;1;12.54508;41.8788;-1;1;Autovettura privata;In marcia / fermata / arresto;Conducente;F;Rimandato;0;NON DECEDUTO;Non accertato;Inesploso
2184478;6;30/10/2014 07:20;Strada Urbana;VIA CASILINA;in corrispondenza;;del civico n.;466;;Veicolo in marcia contro veicolo fermo;Rettilineo;Più di due carreggiate;Asciutto;Asfaltata;Orizzontale;Sereno;Normale;Buona;Ore Diurne;1;0;0;1;12.54508;41.8788;-1;2;Autocarro superiore 35 q.;In marcia / fermata / arresto;Conducente;M;Illeso;0;;Non accertato;Inesistente
2184505;4;29/10/2014 09:40;Strada Urbana;RACCORDO SALARIO SETTEBAGNI;all'intersezione semaforizzata con;VIA SALARIA;VIA SALARIA;;;Tamponamento;Intersezione semaforizzata;Due carreggiate;Asciutto;Asfaltata;Verticale ed orizzontale;Sereno;Normale;Buona;Ore Diurne;0;0;0;2;12.51757;42.00268;-1;1;Autovettura di polizia;In marcia / fermata / arresto;Conducente;M;Illeso;0;;Esente;Inesploso
2184505;4;29/10/2014 09:40;Strada Urbana;RACCORDO SALARIO SETTEBAGNI;all'intersezione semaforizzata con;VIA SALARIA;VIA SALARIA;;;Tamponamento;Intersezione semaforizzata;Due carreggiate;Asciutto;Asfaltata;Verticale ed orizzontale;Sereno;Normale;Buona;Ore Diurne;0;0;0;2;12.51757;42.00268;-1;2;Autovettura privata;In marcia / fermata / arresto;Conducente;F;Illeso;0;;Non accertato;Inesploso
2184521;10;30/10/2014 09:35;Strada Urbana;VIA BERNARDINO ALIMENA;in prossimità;;del civico n.;6a;;Scontro laterale fra veicoli in marcia;Curva senza visuale libera;Una carreggiata a doppio senso;Asciutto;Asfaltata;Orizzontale;Sereno;Normale;Buona;Ore Diurne;1;0;0;1;12.59731;41.84857;-1;1;Autovettura privata;In marcia / fermata / arresto;Conducente;M;Illeso;0;;Non accertato;Inesploso
2184521;10;30/10/2014 09:35;Strada Urbana;VIA BERNARDINO ALIMENA;in prossimità;;del civico n.;6a;;Scontro laterale fra veicoli in marcia;Curva senza visuale libera;Una carreggiata a doppio senso;Asciutto;Asfaltata;Orizzontale;Sereno;Normale;Buona;Ore Diurne;1;0;0;1;12.59731;41.84857;-1;2;Motociclo a solo;In marcia / fermata / arresto;Conducente;M;Rimandato;0;NON DECEDUTO;Non accertato;
2184532;1;29/10/2014 15:05;Strada Urbana;PIAZZA DELL'ARA COELI;all'intersezione con;VIA DEL TEATRO DI MARCELLO;VIA DEL TEATRO DI MARCELLO;;;Scontro laterale fra veicoli in marcia;Incrocio;Una carreggiata a doppio senso;Asciutto;In cubetti di porfido;Verticale ed orizzontale;Sereno;Normale;Buona;Ore Diurne;0;0;0;4;12.48076;41.8928;-1;1;Autovettura privata;In marcia / fermata / arresto;Conducente;F;Illeso;0;;Non accertato;Inesploso
2184532;1;29/10/2014 15:05;Strada Urbana;PIAZZA DELL'ARA COELI;all'intersezione con;VIA DEL TEATRO DI MARCELLO;VIA DEL TEATRO DI MARCELLO;;;Scontro laterale fra veicoli in marcia;Incrocio;Una carreggiata a doppio senso;Asciutto;In cubetti di porfido;Verticale ed orizzontale;Sereno;Normale;Buona;Ore Diurne;0;0;0;4;12.48076;41.8928;-1;1;Autovettura privata;In marcia / fermata / arresto;Passeggero;M;Illeso;0;;Non accertato;Inesploso
2184532;1;29/10/2014 15:05;Strada Urbana;PIAZZA DELL'ARA COELI;all'intersezione con;VIA DEL TEATRO DI MARCELLO;VIA DEL TEATRO DI MARCELLO;;;Scontro laterale fra veicoli in marcia;Incrocio;Una carreggiata a doppio senso;Asciutto;In cubetti di porfido;Verticale ed orizzontale;Sereno;Normale;Buona;Ore Diurne;0;0;0;4;12.48076;41.8928;-1;1;Autovettura privata;In marcia / fermata / arresto;Passeggero;F;Illeso;0;;Non accertato;Inesploso
2184532;1;29/10/2014 15:05;Strada Urbana;PIAZZA DELL'ARA COELI;all'intersezione con;VIA DEL TEATRO DI MARCELLO;VIA DEL TEATRO DI MARCELLO;;;Scontro laterale fra veicoli in marcia;Incrocio;Una carreggiata a doppio senso;Asciutto;In cubetti di porfido;Verticale ed orizzontale;Sereno;Normale;Buona;Ore Diurne;0;0;0;4;12.48076;41.8928;-1;2;Autobus turistico;In marcia / fermata / arresto;Conducente;M;Illeso;0;;Non accertato;
2184536;9;30/10/2014 10:20;Strada Urbana;PIAZZALE APPIO;all'intersezione semaforizzata con;VIALE CASTRENSE;VIALE CASTRENSE;;;Scontro laterale fra veicoli in marcia;Incrocio;Più di due carreggiate;Asciutto;Asfaltata;Verticale ed orizzontale;Sereno;Normale;Buona;Ore Diurne;1;0;0;2;12.50968;41.88577;-1;1;Autovettura privata;In marcia / fermata / arresto;Conducente;F;Illeso;0;;Utilizzato;Inesploso
2184536;9;30/10/2014 10:20;Strada Urbana;PIAZZALE APPIO;all'intersezione semaforizzata con;VIALE CASTRENSE;VIALE CASTRENSE;;;Scontro laterale fra veicoli in marcia;Incrocio;Più di due carreggiate;Asciutto;Asfaltata;Verticale ed orizzontale;Sereno;Normale;Buona;Ore Diurne;1;0;0;2;12.50968;41.88577;-1;2;Autovettura privata;In marcia / fermata / arresto;Conducente;F;Rimandato;0;NON DECEDUTO;Utilizzato;Inesploso
2184536;9;30/10/2014 10:20;Strada Urbana;PIAZZALE APPIO;all'intersezione semaforizzata con;VIALE CASTRENSE;VIALE CASTRENSE;;;Scontro laterale fra veicoli in marcia;Incrocio;Più di due carreggiate;Asciutto;Asfaltata;Verticale ed orizzontale;Sereno;Normale;Buona;Ore Diurne;1;0;0;2;12.50968;41.88577;-1;2;Autovettura privata;In marcia / fermata / arresto;Passeggero;F;Illeso;0;;Utilizzato;Inesploso
2184540;4;29/10/2014 15:30;Strada Urbana;VIA PIETRO MIGNOSI;all'intersezione con;VIA LUIGI CARRER;VIA LUIGI CARRER;;;Veicolo in marcia contro veicolo in sosta;Incrocio;Una carreggiata a doppio senso;Asciutto;Asfaltata;Verticale;Sereno;Scarso;Buona;Ore Diurne;0;0;0;1;12.54872;41.96749;-1;1;Autocarro inferiore 35 q.;In marcia / fermata / arresto;Conducente;M;Illeso;0;;Non accertato;Inesistente
2184553;17;29/10/2014 17:35;Strada Urbana;VIA CIPRO;all'intersezione con;VIA DELLA MELORIA;VIA DELLA MELORIA;;;Scontro frontale/laterale SX fra veicoli in marcia;Incrocio;Due carreggiate;Asciutto;Asfaltata;Verticale ed orizzontale;Nuvoloso;Normale;Sufficiente;Sufficiente;1;0;0;1;12.4465;41.90686;-1;1;Autovettura privata;In marcia / fermata / arresto;Conducente;M;Illeso;0;;Non accertato;Inesploso
2184553;17;29/10/2014 17:35;Strada Urbana;VIA CIPRO;all'intersezione con;VIA DELLA MELORIA;VIA DELLA MELORIA;;;Scontro frontale/laterale SX fra veicoli in marcia;Incrocio;Due carreggiate;Asciutto;Asfaltata;Verticale ed orizzontale;Nuvoloso;Normale;Sufficiente;Sufficiente;1;0;0;1;12.4465;41.90686;-1;2;Motociclo a solo;In marcia / fermata / arresto;Conducente;M;Rimandato;0;NON DECEDUTO;Non accertato;
2184559;3;29/10/2014 11:10;Strada Urbana;VIALE DELLE SCIENZE;in corrispondenza;;del civico n.;2;;Tamponamento;Rettilineo;Due carreggiate;Asciutto;Asfaltata;Verticale ed orizzontale;Sereno;Normale;Buona;Ore Diurne;1;0;0;3;12.51134;41.90319;-1;1;Autovettura privata;In marcia / fermata / arresto;Conducente;M;Illeso;0;;Non utilizzato;Inesploso
2184559;3;29/10/2014 11:10;Strada Urbana;VIALE DELLE SCIENZE;in corrispondenza;;del civico n.;2;;Tamponamento;Rettilineo;Due carreggiate;Asciutto;Asfaltata;Verticale ed orizzontale;Sereno;Normale;Buona;Ore Diurne;1;0;0;3;12.51134;41.90319;-1;1;Autovettura privata;In marcia / fermata / arresto;Passeggero;F;Illeso;0;;Non accertato;Inesploso
2184559;3;29/10/2014 11:10;Strada Urbana;VIALE DELLE SCIENZE;in corrispondenza;;del civico n.;2;;Tamponamento;Rettilineo;Due carreggiate;Asciutto;Asfaltata;Verticale ed orizzontale;Sereno;Normale;Buona;Ore Diurne;1;0;0;3;12.51134;41.90319;-1;1;Autovettura privata;In marcia / fermata / arresto;Passeggero;F;Illeso;0;;Non accertato;Inesploso
2184559;3;29/10/2014 11:10;Strada Urbana;VIALE DELLE SCIENZE;in corrispondenza;;del civico n.;2;;Tamponamento;Rettilineo;Due carreggiate;Asciutto;Asfaltata;Verticale ed orizzontale;Sereno;Normale;Buona;Ore Diurne;1;0;0;3;12.51134;41.90319;-1;2;Motociclo a solo;In marcia / fermata / arresto;Conducente;M;Rifiuta cure immediate;0;NON DECEDUTO;Non accertato;
2184568;3;29/10/2014 15:30;Strada Urbana;PIAZZALE DELLE PROVINCIE;in prossimità;;del civico n.;13;;Veicolo in marcia contro veicoli in sosta;Rotatoria;Una carreggiata a senso unico di marcia;Asciutto;Asfaltata;Verticale ed orizzontale;Nuvoloso;Normale;Buona;Ore Diurne;0;0;0;2;12.5213;41.90984;-1;2;Autovettura privata;In marcia / fermata / arresto;Conducente;M;Illeso;0;;Utilizzato;Inesploso
2184568;3;29/10/2014 15:30;Strada Urbana;PIAZZALE DELLE PROVINCIE;in prossimità;;del civico n.;13;;Veicolo in marcia contro veicoli in sosta;Rotatoria;Una carreggiata a senso unico di marcia;Asciutto;Asfaltata;Verticale ed orizzontale;Nuvoloso;Normale;Buona;Ore Diurne;0;0;0;2;12.5213;41.90984;-1;2;Autovettura privata;In marcia / fermata / arresto;Passeggero;F;Illeso;0;;Utilizzato;Inesploso
2184571;1;29/10/2014 17:30;Strada Urbana;VIA LEOPARDI;in prossimità;;del civico n.;19;;Veicolo in marcia contro veicolo in sosta;Rettilineo;Una carreggiata a senso unico di marcia;Asciutto;Asfaltata;Verticale ed orizzontale;Sereno;Scarso;Buona;Ore Diurne;0;0;0;1;12.50205;41.89444;-1;2;Autovettura privata;In marcia / fermata / arresto;Conducente;F;Illeso;0;;Non accertato;
2184579;3;29/10/2014 17:15;Strada Urbana;PIAZZA MARIANO ARMELLINI;da specificare;;;;fronte civ. 14;Investimento di pedone;Rotatoria;Una carreggiata a senso unico di marcia;Asciutto;In cubetti di porfido;Verticale;Nuvoloso;Normale;Buona;Sufficiente;1;0;0;1;12.52264;41.91848;-1;;;;Pedone;M;Ricoverato;0;NON DECEDUTO;;
2184579;3;29/10/2014 17:15;Strada Urbana;PIAZZA MARIANO ARMELLINI;da specificare;;;;fronte civ. 14;Investimento di pedone;Rotatoria;Una carreggiata a senso unico di marcia;Asciutto;In cubetti di porfido;Verticale;Nuvoloso;Normale;Buona;Sufficiente;1;0;0;1;12.52264;41.91848;-1;1;Autovettura privata;In marcia / fermata / arresto;Conducente;M;Illeso;0;;Non accertato;Inesploso
2184586;16;28/10/2014 19:00;Strada Urbana;VIA FEDERICO OZANAM;in prossimità;;del civico n.;132;;Tamponamento Multiplo;Rettilineo;Una carreggiata a doppio senso;Asciutto;Asfaltata;Orizzontale;Sereno;Normale;Buona;Sufficiente;0;0;0;6;12.45103;41.87739;-1;1;Autovettura privata;In marcia / fermata / arresto;Conducente;M;Illeso;0;;Non accertato;
2184586;16;28/10/2014 19:00;Strada Urbana;VIA FEDERICO OZANAM;in prossimità;;del civico n.;132;;Tamponamento Multiplo;Rettilineo;Una carreggiata a doppio senso;Asciutto;Asfaltata;Orizzontale;Sereno;Normale;Buona;Sufficiente;0;0;0;6;12.45103;41.87739;-1;2;Autovettura privata;In marcia / fermata / arresto;Conducente;F;Illeso;0;;Non accertato;
2184586;16;28/10/2014 19:00;Strada Urbana;VIA FEDERICO OZANAM;in prossimità;;del civico n.;132;;Tamponamento Multiplo;Rettilineo;Una carreggiata a doppio senso;Asciutto;Asfaltata;Orizzontale;Sereno;Normale;Buona;Sufficiente;0;0;0;6;12.45103;41.87739;-1;3;Autovettura privata;In marcia / fermata / arresto;Conducente;F;Illeso;0;;Non accertato;
2184586;16;28/10/2014 19:00;Strada Urbana;VIA FEDERICO OZANAM;in prossimità;;del civico n.;132;;Tamponamento Multiplo;Rettilineo;Una carreggiata a doppio senso;Asciutto;Asfaltata;Orizzontale;Sereno;Normale;Buona;Sufficiente;0;0;0;6;12.45103;41.87739;-1;3;Autovettura privata;In marcia / fermata / arresto;Passeggero;F;Illeso;0;;Non accertato;
2184586;16;28/10/2014 19:00;Strada Urbana;VIA FEDERICO OZANAM;in prossimità;;del civico n.;132;;Tamponamento Multiplo;Rettilineo;Una carreggiata a doppio senso;Asciutto;Asfaltata;Orizzontale;Sereno;Normale;Buona;Sufficiente;0;0;0;6;12.45103;41.87739;-1;3;Autovettura privata;In marcia / fermata / arresto;Passeggero;F;Illeso;0;;Non accertato;
2184588;1;30/10/2014 10:30;Strada Urbana;PIAZZA DELL'ARA COELI;in prossimità;;del civico n.;6;;Investimento di pedone;Rotatoria;Una carreggiata a senso unico di marcia;Asciutto;In cubetti di porfido;Orizzontale;Sereno;Normale;Buona;Ore Diurne;2;0;0;0;12.48302;41.89394;-1;;;;Pedone;M;Rimandato;0;NON DECEDUTO;;
2184588;1;30/10/2014 10:30;Strada Urbana;PIAZZA DELL'ARA COELI;in prossimità;;del civico n.;6;;Investimento di pedone;Rotatoria;Una carreggiata a senso unico di marcia;Asciutto;In cubetti di porfido;Orizzontale;Sereno;Normale;Buona;Ore Diurne;2;0;0;0;12.48302;41.89394;-1;1;Motociclo a solo;In marcia / fermata / arresto;Conducente;F;Rifiuta cure immediate;0;NON DECEDUTO;Non accertato;
2184602;16;28/10/2014 11:50;Strada Urbana;VIA BERNARDINO PASSERI;all'intersezione con;VIA GIOVANNI DA CASTEL BOLOGNESE;VIA GIOVANNI DA CASTEL BOLOGNESE;;;Tamponamento;Intersezione stradale segnalata;Una carreggiata a doppio senso;Asciutto;Asfaltata;Assente;Sereno;Normale;Buona;Ore Diurne;1;0;0;1;12.46862;41.87549;-1;1;Autovettura privata;In marcia / fermata / arresto;Conducente;M;Illeso;0;;Non accertato;Inesploso
2184602;16;28/10/2014 11:50;Strada Urbana;VIA BERNARDINO PASSERI;all'intersezione con;VIA GIOVANNI DA CASTEL BOLOGNESE;VIA GIOVANNI DA CASTEL BOLOGNESE;;;Tamponamento;Intersezione stradale segnalata;Una carreggiata a doppio senso;Asciutto;Asfaltata;Assente;Sereno;Normale;Buona;Ore Diurne;1;0;0;1;12.46862;41.87549;-1;2;Motociclo a solo;In marcia / fermata / arresto;Conducente;F;Rimandato;0;NON DECEDUTO;Non accertato;
2184614;16;28/10/2014 16:50;Strada Urbana;VIA VIRGINIA AGNELLI;da specificare;;;;in prossimità VIA ARCANGELO IL VENTO;Investimento di pedone;Rettilineo;Due carreggiate;Asciutto;Asfaltata;Orizzontale;Sereno;Normale;Sufficiente;Sufficiente;1;0;0;2;12.44726;41.86277;-1;;;;Pedone;M;Illeso;0;;;
2184614;16;28/10/2014 16:50;Strada Urbana;VIA VIRGINIA AGNELLI;da specificare;;;;in prossimità VIA ARCANGELO IL VENTO;Investimento di pedone;Rettilineo;Due carreggiate;Asciutto;Asfaltata;Orizzontale;Sereno;Normale;Sufficiente;Sufficiente;1;0;0;2;12.44726;41.86277;-1;1;Motociclo con passeggero;In marcia / fermata / arresto;Conducente;M;Illeso;0;;Non accertato;
2184614;16;28/10/2014 16:50;Strada Urbana;VIA VIRGINIA AGNELLI;da specificare;;;;in prossimità VIA ARCANGELO IL VENTO;Investimento di pedone;Rettilineo;Due carreggiate;Asciutto;Asfaltata;Orizzontale;Sereno;Normale;Sufficiente;Sufficiente;1;0;0;2;12.44726;41.86277;-1;1;Motociclo con passeggero;In marcia / fermata / arresto;Passeggero;F;Rimandato;0;NON DECEDUTO;Non accertato;
2184618;2;30/10/2014 09:45;Strada Urbana;VIA NOMENTANA;in corrispondenza;;del civico n.;429;;Scontro laterale fra veicoli in marcia;Rettilineo;Due carreggiate;Asciutto;Asfaltata;Verticale ed orizzontale;Sereno;Normale;Buona;Ore Diurne;0;0;0;2;12.52426;41.92769;-1;1;Autovettura privata;In marcia / fermata / arresto;Conducente;F;Illeso;0;;Non accertato;Inesploso
2184618;2;30/10/2014 09:45;Strada Urbana;VIA NOMENTANA;in corrispondenza;;del civico n.;429;;Scontro laterale fra veicoli in marcia;Rettilineo;Due carreggiate;Asciutto;Asfaltata;Verticale ed orizzontale;Sereno;Normale;Buona;Ore Diurne;0;0;0;2;12.52426;41.92769;-1;2;Autovettura di polizia;In marcia / fermata / arresto;Conducente;M;Illeso;0;;Non accertato;Inesploso
2184621;19;30/10/2014 08:05;Strada Urbana;VIALE CORTINA D'AMPEZZO;in prossimità;;del civico n.;385;;Scontro laterale fra veicoli in marcia;Curva a visuale libera;Una carreggiata a doppio senso;Asciutto;Asfaltata;Verticale ed orizzontale;Sereno;Normale;Buona;Ore Diurne;0;0;0;2;12.43511;41.94217;-1;1;Autovettura privata;In marcia / fermata / arresto;Conducente;M;Illeso;0;;Non accertato;Inesploso
2184621;19;30/10/2014 08:05;Strada Urbana;VIALE CORTINA D'AMPEZZO;in prossimità;;del civico n.;385;;Scontro laterale fra veicoli in marcia;Curva a visuale libera;Una carreggiata a doppio senso;Asciutto;Asfaltata;Verticale ed orizzontale;Sereno;Normale;Buona;Ore Diurne;0;0;0;2;12.43511;41.94217;-1;2;Motociclo a solo;In marcia / fermata / arresto;Conducente;M;Illeso;0;;Non accertato;
2184630;16;28/10/2014 08:40;Strada Urbana;CIRCONVALLAZIONE GIANICOLENSE;all'intersezione semaforizzata con;VIA BERNARDINO RAMAZZINI;VIA BERNARDINO RAMAZZINI;;;Scontro frontale/laterale SX fra veicoli in marcia;Intersezione semaforizzata;Più di due carreggiate;Asciutto;Asfaltata;Verticale ed orizzontale;Sereno;Intenso;Buona;Ore Diurne;0;0;0;2;12.45045;41.86663;-1;1;Autovettura privata;In marcia / fermata / arresto;Conducente;M;Illeso;0;;Non accertato;Inesploso